lecturer_id,lecturer_name,departments
1300746,Ngô Quốc An,ChuyenNganh
1308665,Dương Đức Khôi,Triet
1316584,Lý Hoàng Duy,DaiCuong
1324503,Phạm Ngọc Nam,ChuyenNganh
1332422,Hồ Khánh Trinh,ChuyenNganh
1340341,Bùi Hữu Trinh,ChuyenNganh
1348260,Huỳnh Anh Nam,ChuyenNganh
1356179,Lê Thanh Hải,Triet
1364098,Bùi Anh Hiếu,DaiCuong
1372017,Dương Hữu Bảo,DaiCuong
1379936,Lê Tuấn Nhi,ChuyenNganh
1387855,Huỳnh Ngọc Khôi,Triet
1395774,Đỗ Đức Khang,Triet
1303693,Võ Khánh An,ChuyenNganh
1311612,Phan Văn Trang,ChuyenNganh
1319531,Lý Quang Phát,ChuyenNganh
1327450,Phạm Đức Nhi,ChuyenNganh
1335369,Lê Đức An,ChuyenNganh
1343288,Bùi Ngọc Anh,ChuyenNganh
1351207,Huỳnh Quốc Linh,ChuyenNganh
1359126,Bùi Quang Hà,DaiCuong
1367045,Bùi Minh Minh,ChuyenNganh
1374964,Trần Tuấn Lam,ChuyenNganh
1382883,Lê Anh Thảo,ChuyenNganh
1390802,Ngô Quang Châu,ChuyenNganh
1398721,Hoàng Khánh Long,DaiCuong
1306640,Nguyễn Quốc Tuấn,ChuyenNganh
1314559,Phạm Hoàng Trinh,ChuyenNganh
1322478,Lê Hoàng Lam,ChuyenNganh
1330397,Đỗ Minh Duy,ChuyenNganh
1338316,Lê Khánh Yến,DaiCuong
1346235,Đặng Gia Hiếu,ChuyenNganh
1354154,Đỗ Thanh Châu,ChuyenNganh
1362073,Dương Minh Tuấn,Triet
1369992,Lê Quang Hiếu,Triet
1377911,Nguyễn Ngọc Hải,Triet
1385830,Lý Hoàng Trinh,ChuyenNganh
1393749,Hồ Thị Hiếu,ChuyenNganh
1301668,Nguyễn Quang Tuấn,DaiCuong
1309587,Lý Đức Khôi,ChuyenNganh
1317506,Nguyễn Anh Trang,ChuyenNganh
1325425,Hoàng Thị Hiếu,ChuyenNganh
1333344,Lê Ngọc Nhi,ChuyenNganh
1341263,Phan Quốc Trinh,Triet
1349182,Nguyễn Ngọc Duy,ChuyenNganh
1357101,Bùi Quang Khôi,DaiCuong
1365020,Đỗ Hữu Phát,ChuyenNganh
1372939,Hồ Minh Nam,ChuyenNganh
1380858,Đỗ Anh Minh,ChuyenNganh
1388777,Đỗ Tuấn Linh,ChuyenNganh
1396696,Vũ Ngọc Linh,Triet
1304615,Đỗ Văn Uyên,DaiCuong
1312534,Trần Thị Bảo,Triet
1320453,Dương Anh Thảo,Triet
1328372,Bùi Anh Trinh,ChuyenNganh
1336291,Nguyễn Hoàng Hùng,Triet
1344210,Hồ Khánh Phúc,ChuyenNganh
1352129,Võ Hữu Mai,ChuyenNganh
1360048,Ngô Hữu Duy,ChuyenNganh
1367967,Huỳnh Phương Long,ChuyenNganh
1375886,Dương Quang Hà,ChuyenNganh
1383805,Trần Minh Hiếu,ChuyenNganh
1391724,Đặng Phương Hùng,Triet
1399643,Phạm Gia Anh,ChuyenNganh
1307562,Hoàng Quang Hiếu,ChuyenNganh
1315481,Võ Ngọc Lam,ChuyenNganh
1323400,Đặng Quốc Trang,ChuyenNganh
1331319,Lê Quốc Yến,Triet
1339238,Bùi Ngọc Bảo,ChuyenNganh
1347157,Nguyễn Gia Thảo,Triet
1355076,Đặng Đức Châu,DaiCuong
1362995,Vũ Quốc Châu,ChuyenNganh
1370914,Võ Khánh Việt,ChuyenNganh
1378833,Nguyễn Tuấn Tuấn,Triet
1386752,Dương Anh An,DaiCuong
1394671,Đặng Quang Hải,DaiCuong
1302590,Đỗ Hữu Quân,DaiCuong
1310509,Võ Gia Nhi,ChuyenNganh
1318428,Võ Ngọc Quân,ChuyenNganh
1326347,Ngô Thị Yến,ChuyenNganh
1334266,Đỗ Hữu Long,Triet
1342185,Lý Khánh Hiếu,DaiCuong
1350104,Võ Phương Khôi,ChuyenNganh
1358023,Đỗ Minh Trang,ChuyenNganh
1365942,Võ Quang Hà,ChuyenNganh
1373861,Hoàng Gia Châu,ChuyenNganh
1381780,Lê Khánh Minh,DaiCuong
1389699,Nguyễn Thanh Hùng,DaiCuong
1397618,Lý Gia Lam,Triet
1305537,Võ Minh Châu,ChuyenNganh
1313456,Lý Đức Anh,ChuyenNganh
1321375,Lê Đức Nam,DaiCuong
1329294,Huỳnh Hữu Trinh,DaiCuong
1337213,Hồ Anh Quang,ChuyenNganh
1345132,Dương Tuấn Tú,DaiCuong
1353051,Đỗ Ngọc Duy,ChuyenNganh
1360970,Dương Thị Phúc,ChuyenNganh
1368889,Lý Anh Quân,ChuyenNganh
1376808,Phạm Khánh Nam,ChuyenNganh
1384727,Ngô Thanh Lam,ChuyenNganh
