course_id,course_name,credits,course_category,quiz,lab,btl,giua_ky,cuoi_ky,nguon
CH1003,Hóa đại cương,3,toan_ly_hoa,0,20,0,30,50,tao_tu_quy_tac_tin_chi
CO1005,Nhập môn Điện toán,3,khac,0,30,20,0,50,tao_tu_quy_tac_tin_chi
CO1007,Cấu trúc Rời rạc cho Khoa học Máy tính,4,khac,0,0,20,20,60,tao_tu_quy_tac_tin_chi
CO1023,Hệ thống số,3,khac,0,20,20,0,60,tao_tu_quy_tac_tin_chi
CO1027,Kỹ thuật Lập trình,3,khac,0,10,20,20,50,tao_tu_quy_tac_tin_chi
CO2001,Kỹ năng Chuyên nghiệp cho Kỹ sư,3,khac,0,0,20,30,50,tao_tu_quy_tac_tin_chi
CO2003,Cấu trúc Dữ liệu và Giải Thuật,4,khac,0,20,20,0,60,tao_tu_quy_tac_tin_chi
CO2007,Kiến trúc Máy tính,4,khac,0,0,20,20,60,tao_tu_quy_tac_tin_chi
CO2011,Mô hình hóa Toán học,3,khac,0,0,20,30,50,tao_tu_quy_tac_tin_chi
CO2013,Hệ cơ sở Dữ liệu,4,khac,0,0,20,20,60,tao_tu_quy_tac_tin_chi
CO2017,Hệ điều hành,3,khac,0,0,20,30,50,tao_tu_quy_tac_tin_chi
CO2039,Lập trình Nâng cao,3,khac,0,20,20,0,60,tao_tu_quy_tac_tin_chi
CO3001,Công nghệ Phần mềm,3,khac,0,0,20,30,50,tao_tu_quy_tac_tin_chi
CO3005,Nguyên lý Ngôn ngữ Lập trình,4,khac,0,0,20,20,60,tao_tu_quy_tac_tin_chi
CO3011,Quản lý Dự án Phần mềm,3,khac,10,0,20,20,50,tao_tu_quy_tac_tin_chi
CO3013,Xây dựng Chương trình Dịch,3,khac,0,20,20,0,60,tao_tu_quy_tac_tin_chi
CO3015,Kiểm tra Phần mềm,3,khac,0,0,20,30,50,tao_tu_quy_tac_tin_chi
CO3017,Kiến trúc Phần mềm,3,khac,0,0,20,30,50,tao_tu_quy_tac_tin_chi
CO3021,Hệ Quản trị Cơ sở Dữ Liệu,3,khac,0,0,20,30,50,tao_tu_quy_tac_tin_chi
CO3023,Cơ sở Dữ liệu Phân tán và Hướng đối tượng,3,khac,0,20,20,0,60,tao_tu_quy_tac_tin_chi
CO3027,Thương mại Điện tử,3,khac,0,0,20,30,50,tao_tu_quy_tac_tin_chi
CO3029,Khai phá Dữ liệu,3,khac,0,0,20,30,50,tao_tu_quy_tac_tin_chi
CO3031,Phân tích và Thiết kế Giải Thuật,3,khac,0,0,20,30,50,tao_tu_quy_tac_tin_chi
CO3033,Bảo mật Hệ thống Thông tin,3,khac,0,20,20,0,60,tao_tu_quy_tac_tin_chi
CO3035,Hệ thời gian thực,3,khac,10,0,20,20,50,tao_tu_quy_tac_tin_chi
CO3037,Phát triển Ứng dụng Internet of Things,3,khac,0,0,20,30,50,tao_tu_quy_tac_tin_chi
CO3041,Hệ thống Thông minh,3,khac,0,0,20,30,50,tao_tu_quy_tac_tin_chi
CO3043,Phát triển Ứng dụng trên Thiết bị Di động,3,khac,0,20,20,0,60,tao_tu_quy_tac_tin_chi
CO3045,Lập trình Game,3,khac,0,0,20,30,50,tao_tu_quy_tac_tin_chi
CO3047,Mạng máy tính nâng cao,3,khac,10,0,20,20,50,tao_tu_quy_tac_tin_chi
CO3049,Lập trình Web,3,khac,0,0,20,30,50,tao_tu_quy_tac_tin_chi
CO3051,Hệ thống thiết bị di động,3,khac,0,20,20,0,60,tao_tu_quy_tac_tin_chi
CO3057,Xử lý Ảnh số và Thị giác Máy tính,3,khac,0,0,20,30,50,tao_tu_quy_tac_tin_chi
CO3059,Đồ họa Máy tính,3,khac,0,0,20,30,50,tao_tu_quy_tac_tin_chi
CO3061,Nhập môn Trí tuệ Nhân tạo,3,khac,10,0,20,20,50,tao_tu_quy_tac_tin_chi
CO3065,Công nghệ Phần mềm Nâng cao,3,khac,0,20,20,0,60,tao_tu_quy_tac_tin_chi
CO3067,Tính toán Song song,3,khac,0,0,20,30,50,tao_tu_quy_tac_tin_chi
CO3069,Mật mã và An ninh mạng,3,khac,0,0,20,30,50,tao_tu_quy_tac_tin_chi
CO3071,Hệ phân bố,3,khac,0,0,20,30,50,tao_tu_quy_tac_tin_chi
CO3083,Mật mã học và Mã hóa Thông tin,3,khac,0,20,20,0,60,tao_tu_quy_tac_tin_chi
CO3085,Xử lý Ngôn ngữ Tự nhiên,3,khac,0,0,20,30,50,tao_tu_quy_tac_tin_chi
CO3089,Những Chủ đề Nâng cao trong Khoa học Máy tính,3,khac,0,0,20,30,50,tao_tu_quy_tac_tin_chi
CO3093,Mạng máy tính,3,khac,0,0,20,30,50,tao_tu_quy_tac_tin_chi
CO3101,Đồ án Tổng hợp - Hướng Trí tuệ Nhân tạo,1,khac,0,0,20,20,60,tao_tu_quy_tac_tin_chi
CO3103,Đồ án Tổng hợp - hướng Công nghệ Phần mềm,1,khac,0,0,20,20,60,tao_tu_quy_tac_tin_chi
CO3105,Đồ án Tổng hợp - Hướng Hệ thống Thông tin,1,khac,0,0,20,20,60,tao_tu_quy_tac_tin_chi
CO3107,Thực tập Đồ án môn học Đa ngành - Hướng Trí tuệ Nhân tạo,1,khac,0,0,20,20,60,tao_tu_quy_tac_tin_chi
CO3109,Thực tập Đồ án môn học Đa ngành - Hướng công Nghệ phần mềm,1,khac,0,0,20,20,60,tao_tu_quy_tac_tin_chi
CO3111,Thực tập Đồ án môn học Đa ngành - hướng Hệ thống Thông tin,1,khac,0,0,20,20,60,tao_tu_quy_tac_tin_chi
CO3115,Phân tích và Thiết kế Hệ thống,3,khac,10,0,20,20,50,tao_tu_quy_tac_tin_chi
CO3117,Học máy,3,khac,0,0,20,30,50,tao_tu_quy_tac_tin_chi
CO3119,Đồ án Mạng máy tính,1,khac,0,0,20,20,60,tao_tu_quy_tac_tin_chi
CO3127,Đồ án tổng hợp - hướng kỹ thuật dữ liệu,1,khac,0,0,20,20,60,tao_tu_quy_tac_tin_chi
CO3129,Bảo mật Phần mềm,3,khac,0,0,20,30,50,tao_tu_quy_tac_tin_chi
CO3131,Công nghệ Phần mềm thế hệ mới,3,khac,10,0,20,20,50,tao_tu_quy_tac_tin_chi
CO3133,Học sâu và Ứng dụng,3,khac,0,20,20,0,60,tao_tu_quy_tac_tin_chi
CO3135,Lập trình cho Trí tuệ nhân tạo và Khoa học dữ liệu,3,khac,0,0,20,30,50,tao_tu_quy_tac_tin_chi
CO3137,Dữ liệu lớn,3,khac,0,0,20,30,50,tao_tu_quy_tac_tin_chi
CO3139,Chuyển đổi số,3,khac,0,0,20,30,50,tao_tu_quy_tac_tin_chi
CO3151,Quản trị mạng,3,khac,0,20,20,0,60,tao_tu_quy_tac_tin_chi
CO3153,Đánh giá an toàn mạng máy tính,3,khac,0,0,20,30,50,tao_tu_quy_tac_tin_chi
CO3335,Thực tập Ngoài trường,2,khac,0,0,20,30,50,tao_tu_quy_tac_tin_chi
CO4025,Mạng xã hội và Thông tin,3,khac,0,0,20,30,50,tao_tu_quy_tac_tin_chi
CO4029,Đồ án Chuyên ngành,2,khac,0,0,20,30,50,tao_tu_quy_tac_tin_chi
CO4031,Kho dữ Liệu và Hệ hỗ trợ Quyết định,3,khac,10,0,20,20,50,tao_tu_quy_tac_tin_chi
CO4033,Phân tích Dữ liệu lớn và Trí tuệ Kinh doanh,3,khac,0,0,20,30,50,tao_tu_quy_tac_tin_chi
CO4035,Hệ hoạch Định tài Nguyên tổ chức,3,khac,0,0,20,30,50,tao_tu_quy_tac_tin_chi
CO4037,Hệ thống thông tin quản lý,3,khac,0,20,20,0,60,tao_tu_quy_tac_tin_chi
CO4039,Bảo mật sinh trắc,3,khac,0,0,20,30,50,tao_tu_quy_tac_tin_chi
CO4337,Đồ án Tốt nghiệp (Khoa học Máy tính),4,khac,0,0,20,20,60,tao_tu_quy_tac_tin_chi
IM1013,Kinh tế học Đại cương,3,kinh_te,0,0,20,30,50,tao_tu_quy_tac_tin_chi
IM1023,Quản lý Sản xuất cho Kỹ sư,3,kinh_te,0,20,20,0,60,tao_tu_quy_tac_tin_chi
IM1025,Quản lý Dự án cho Kỹ sư,3,kinh_te,0,0,20,30,50,tao_tu_quy_tac_tin_chi
IM1027,Kinh tế Kỹ thuật,3,kinh_te,0,0,20,30,50,tao_tu_quy_tac_tin_chi
IM3001,Quản trị Kinh doanh cho Kỹ sư,3,kinh_te,10,0,20,20,50,tao_tu_quy_tac_tin_chi
LA1003,Anh văn 1,2,ngoai_ngu,0,0,20,30,50,tao_tu_quy_tac_tin_chi
LA1005,Anh văn 2,2,ngoai_ngu,0,0,20,30,50,tao_tu_quy_tac_tin_chi
LA1007,Anh văn 3,2,ngoai_ngu,10,0,20,20,50,tao_tu_quy_tac_tin_chi
LA1009,Anh văn 4,2,ngoai_ngu,0,0,20,30,50,tao_tu_quy_tac_tin_chi
MI1003,Giáo dục Quốc phòng,0,giao_duc,0,0,20,20,60,tao_tu_quy_tac_tin_chi
MT1003,Giải tích 1,4,toan_ly_hoa,0,0,20,20,60,tao_tu_quy_tac_tin_chi
MT1005,Giải tích 2,4,toan_ly_hoa,0,0,20,20,60,tao_tu_quy_tac_tin_chi
MT1007,Đại số Tuyến tính,3,toan_ly_hoa,0,0,20,30,50,tao_tu_quy_tac_tin_chi
MT2013,Xác suất và Thống kê,4,toan_ly_hoa,0,0,20,20,60,tao_tu_quy_tac_tin_chi
PE1003,Giáo dục thể chất 1,0,giao_duc,0,0,20,20,60,tao_tu_quy_tac_tin_chi
PE1005,Giáo dục thể chất 2,0,giao_duc,0,0,20,20,60,tao_tu_quy_tac_tin_chi
PH1003,Vật lý 1,4,toan_ly_hoa,0,0,20,20,60,tao_tu_quy_tac_tin_chi
PH1007,Thí nghiệm Vật lý,1,toan_ly_hoa,40,0,0,0,60,tao_tu_quy_tac_tin_chi
SP1007,Pháp luật Việt Nam Đại cương,2,chinh_tri,0,0,20,30,50,tao_tu_quy_tac_tin_chi
SP1031,Triết học Mác - Lênin,3,chinh_tri,20,0,30,0,50,tao_tu_quy_tac_tin_chi
SP1033,Kinh tế Chính trị Mác - Lênin,2,chinh_tri,20,0,30,0,50,tao_tu_quy_tac_tin_chi
SP1035,Chủ nghĩa Xã hội Khoa học,2,chinh_tri,20,0,30,0,50,tao_tu_quy_tac_tin_chi
SP1037,Tư tưởng Hồ Chí Minh,2,chinh_tri,20,0,30,0,50,tao_tu_quy_tac_tin_chi
SP1039,Lịch sử Đảng Cộng sản Việt Nam,2,chinh_tri,20,0,30,0,50,tao_tu_quy_tac_tin_chi
