course_id,course_code,course_name,credits,difficulty
1,CH1003,Hóa đại cương,3,0.8
2,CO1005,Nhập môn Điện toán,3,0.8
3,CO1007,Cấu trúc Rời rạc cho Khoa học Máy tính,4,0.0
4,CO1023,Hệ thống số,3,0.0
5,CO1027,Kỹ thuật Lập trình,3,0.3
6,CO2001,Kỹ năng Chuyên nghiệp cho Kỹ sư,3,0.0
7,CO2003,Cấu trúc Dữ liệu và Giải Thuật,4,0.0
8,CO2007,Kiến trúc Máy tính,4,0.0
9,CO2011,Mô hình hóa Toán học,3,0.0
10,CO2013,Hệ cơ sở Dữ liệu,4,0.0
11,CO2017,Hệ điều hành,3,0.0
12,CO2039,Lập trình Nâng cao,3,0.0
13,CO3001,Công nghệ Phần mềm,3,0.0
14,CO3005,Nguyên lý Ngôn ngữ Lập trình,4,0.0
15,CO3011,Quản lý Dự án Phần mềm,3,0.0
16,CO3013,Xây dựng Chương trình Dịch,3,0.0
17,CO3015,Kiểm tra Phần mềm,3,0.0
18,CO3017,Kiến trúc Phần mềm,3,0.0
19,CO3021,Hệ Quản trị Cơ sở Dữ Liệu,3,0.0
20,CO3023,Cơ sở Dữ liệu Phân tán và Hướng đối tượng,3,0.0
21,CO3027,Thương mại Điện tử,3,0.0
22,CO3029,Khai phá Dữ liệu,3,0.0
23,CO3031,Phân tích và Thiết kế Giải Thuật,3,0.0
24,CO3033,Bảo mật Hệ thống Thông tin,3,0.0
25,CO3035,Hệ thời gian thực,3,0.0
26,CO3037,Phát triển Ứng dụng Internet of Things,3,0.0
27,CO3041,Hệ thống Thông minh,3,0.0
28,CO3043,Phát triển Ứng dụng trên Thiết bị Di động,3,0.0
29,CO3045,Lập trình Game,3,0.0
30,CO3047,Mạng máy tính nâng cao,3,0.0
31,CO3049,Lập trình Web,3,0.0
32,CO3051,Hệ thống thiết bị di động,3,0.0
33,CO3057,Xử lý Ảnh số và Thị giác Máy tính,3,0.0
34,CO3059,Đồ họa Máy tính,3,0.0
35,CO3061,Nhập môn Trí tuệ Nhân tạo,3,0.0
36,CO3065,Công nghệ Phần mềm Nâng cao,3,0.0
37,CO3067,Tính toán Song song,3,0.0
38,CO3069,Mật mã và An ninh mạng,3,0.0
39,CO3071,Hệ phân bố,3,0.0
40,CO3083,Mật mã học và Mã hóa Thông tin,3,0.0
41,CO3085,Xử lý Ngôn ngữ Tự nhiên,3,0.0
42,CO3089,Những Chủ đề Nâng cao trong Khoa học Máy tính,3,0.0
43,CO3093,Mạng máy tính,3,0.0
44,CO3101,Đồ án Tổng hợp - Hướng Trí tuệ Nhân tạo,1,0.0
45,CO3103,Đồ án Tổng hợp - hướng Công nghệ Phần mềm,1,0.0
46,CO3105,Đồ án Tổng hợp - Hướng Hệ thống Thông tin,1,0.0
47,CO3107,Thực tập Đồ án môn học Đa ngành - Hướng Trí tuệ Nhân tạo,1,0.0
48,CO3109,Thực tập Đồ án môn học Đa ngành - Hướng công Nghệ phần mềm,1,0.0
49,CO3111,Thực tập Đồ án môn học Đa ngành - hướng Hệ thống Thông tin,1,0.0
50,CO3115,Phân tích và Thiết kế Hệ thống,3,0.0
51,CO3117,Học máy,3,0.0
52,CO3119,Đồ án Mạng máy tính,1,0.0
53,CO3127,Đồ án tổng hợp - hướng kỹ thuật dữ liệu,1,0.0
54,CO3129,Bảo mật Phần mềm,3,0.0
55,CO3131,Công nghệ Phần mềm thế hệ mới,3,0.0
56,CO3133,Học sâu và Ứng dụng,3,0.0
57,CO3135,Lập trình cho Trí tuệ nhân tạo và Khoa học dữ liệu,3,0.0
58,CO3137,Dữ liệu lớn,3,0.0
59,CO3139,Chuyển đổi số,3,0.0
60,CO3151,Quản trị mạng,3,0.0
61,CO3153,Đánh giá an toàn mạng máy tính,3,0.0
62,CO3335,Thực tập Ngoài trường,2,0.0
63,CO4025,Mạng xã hội và Thông tin,3,0.0
64,CO4029,Đồ án Chuyên ngành,2,0.0
65,CO4031,Kho dữ Liệu và Hệ hỗ trợ Quyết định,3,0.0
66,CO4033,Phân tích Dữ liệu lớn và Trí tuệ Kinh doanh,3,0.0
67,CO4035,Hệ hoạch Định tài Nguyên tổ chức,3,0.0
68,CO4037,Hệ thống thông tin quản lý,3,0.0
69,CO4039,Bảo mật sinh trắc,3,0.0
70,CO4337,Đồ án Tốt nghiệp (Khoa học Máy tính),4,0.0
71,IM1013,Kinh tế học Đại cương,3,0.0
72,IM1023,Quản lý Sản xuất cho Kỹ sư,3,0.0
73,IM1025,Quản lý Dự án cho Kỹ sư,3,0.0
74,IM1027,Kinh tế Kỹ thuật,3,0.0
75,IM3001,Quản trị Kinh doanh cho Kỹ sư,3,0.0
95,CH4079,Hoá học xanh,3,0.0
96,E1013,Khoa học trái đất,3,0.0
97,IM1011,Máy tính trong Kinh doanh,3,0.0
98,IM1019,Tiếp thị căn bản,3,0.0
99,IM1021,Khởi nghiệp,3,0.0
100,IM3047,Giao tiếp trong kinh doanh,3,0.0
101,ME4625,Kỹ năng lãnh đạo,3,0.0
76,LA1003,Anh văn 1,2,1.0
77,LA1005,Anh văn 2,2,0.9
78,LA1007,Anh văn 3,2,0.0
79,LA1009,Anh văn 4,2,0.0
80,MI1003,Giáo dục Quốc phòng,0,0.0
81,MT1003,Giải tích 1,4,0.0
82,MT1005,Giải tích 2,4,-0.1
83,MT1007,Đại số Tuyến tính,3,-0.2
84,MT2013,Xác suất và Thống kê,4,0.0
85,PE1003,Giáo dục thể chất 1,0,0.0
86,PE1005,Giáo dục thể chất 2,0,0.0
87,PH1003,Vật lý 1,4,-0.1
88,PH1007,Thí nghiệm Vật lý,1,1.2
89,SP1007,Pháp luật Việt Nam Đại cương,2,0.0
90,SP1031,Triết học Mác - Lênin,3,0.0
91,SP1033,Kinh tế Chính trị Mác - Lênin,2,0.0
92,SP1035,Chủ nghĩa Xã hội Khoa học,2,0.0
93,SP1037,Tư tưởng Hồ Chí Minh,2,0.0
94,SP1039,Lịch sử Đảng Cộng sản Việt Nam,2,0.0
