course_code,letter_grade,count,share
ALL_UNIVERSITY,F,419,0.020044969621585418
ALL_UNIVERSITY,D,758,0.03626273740611396
ALL_UNIVERSITY,D+,1027,0.04913170358321772
ALL_UNIVERSITY,C,4479,0.21427546285222218
ALL_UNIVERSITY,C+,3990,0.19088169162321197
ALL_UNIVERSITY,B,5457,0.26106300531024257
ALL_UNIVERSITY,B+,2168,0.1037171697842415
ALL_UNIVERSITY,A,2207,0.10558293067980673
ALL_UNIVERSITY,A+,398,0.01904032913935799
CH1003,F,6,0.012448132780082987
CH1003,D,39,0.08091286307053942
CH1003,D+,42,0.08713692946058091
CH1003,C,131,0.2717842323651452
CH1003,C+,72,0.14937759336099585
CH1003,B,119,0.24688796680497926
CH1003,B+,33,0.06846473029045644
CH1003,A,36,0.07468879668049792
CH1003,A+,4,0.008298755186721992
CH4079,F,0,0.0
CH4079,D,3,0.03333333333333333
CH4079,D+,2,0.022222222222222223
CH4079,C,11,0.12222222222222222
CH4079,C+,17,0.18888888888888888
CH4079,B,21,0.23333333333333334
CH4079,B+,12,0.13333333333333333
CH4079,A,17,0.18888888888888888
CH4079,A+,7,0.07777777777777778
CO1005,F,65,0.11711711711711711
CO1005,D,39,0.07027027027027027
CO1005,D+,36,0.06486486486486487
CO1005,C,134,0.24144144144144145
CO1005,C+,83,0.14954954954954955
CO1005,B,126,0.22702702702702704
CO1005,B+,27,0.04864864864864865
CO1005,A,42,0.07567567567567568
CO1005,A+,3,0.005405405405405406
CO1007,F,9,0.018036072144288578
CO1007,D,15,0.03006012024048096
CO1007,D+,18,0.036072144288577156
CO1007,C,104,0.20841683366733466
CO1007,C+,97,0.19438877755511022
CO1007,B,138,0.27655310621242485
CO1007,B+,59,0.11823647294589178
CO1007,A,45,0.09018036072144289
CO1007,A+,14,0.028056112224448898
CO1023,F,23,0.04397705544933078
CO1023,D,21,0.040152963671128104
CO1023,D+,26,0.0497131931166348
CO1023,C,102,0.1950286806883365
CO1023,C+,95,0.18164435946462715
CO1023,B,143,0.2734225621414914
CO1023,B+,52,0.0994263862332696
CO1023,A,54,0.10325047801147227
CO1023,A+,7,0.01338432122370937
CO1027,F,14,0.027613412228796843
CO1027,D,26,0.05128205128205128
CO1027,D+,24,0.047337278106508875
CO1027,C,116,0.22879684418145957
CO1027,C+,97,0.1913214990138067
CO1027,B,134,0.26429980276134124
CO1027,B+,42,0.08284023668639054
CO1027,A,47,0.09270216962524655
CO1027,A+,7,0.013806706114398421
CO2001,F,1,0.0020920502092050207
CO2001,D,11,0.02301255230125523
CO2001,D+,25,0.05230125523012552
CO2001,C,102,0.21338912133891214
CO2001,C+,92,0.19246861924686193
CO2001,B,126,0.26359832635983266
CO2001,B+,58,0.12133891213389121
CO2001,A,57,0.1192468619246862
CO2001,A+,6,0.012552301255230125
CO2003,F,7,0.014314928425357873
CO2003,D,10,0.02044989775051125
CO2003,D+,22,0.044989775051124746
CO2003,C,106,0.2167689161554192
CO2003,C+,96,0.19631901840490798
CO2003,B,125,0.2556237218813906
CO2003,B+,58,0.11860940695296524
CO2003,A,55,0.11247443762781185
CO2003,A+,10,0.02044989775051125
CO2007,F,5,0.010224948875255624
CO2007,D,12,0.024539877300613498
CO2007,D+,18,0.03680981595092025
CO2007,C,102,0.2085889570552147
CO2007,C+,101,0.2065439672801636
CO2007,B,132,0.26993865030674846
CO2007,B+,52,0.10633946830265849
CO2007,A,59,0.12065439672801637
CO2007,A+,8,0.016359918200409
CO2011,F,3,0.006172839506172839
CO2011,D,15,0.030864197530864196
CO2011,D+,24,0.04938271604938271
CO2011,C,106,0.21810699588477367
CO2011,C+,83,0.17078189300411523
CO2011,B,143,0.294238683127572
CO2011,B+,56,0.11522633744855967
CO2011,A,51,0.10493827160493827
CO2011,A+,5,0.0102880658436214
CO2013,F,4,0.00823045267489712
CO2013,D,20,0.0411522633744856
CO2013,D+,23,0.047325102880658436
CO2013,C,98,0.20164609053497942
CO2013,C+,96,0.19753086419753085
CO2013,B,124,0.2551440329218107
CO2013,B+,52,0.10699588477366255
CO2013,A,59,0.12139917695473251
CO2013,A+,10,0.0205761316872428
CO2017,F,3,0.006185567010309278
CO2017,D,11,0.02268041237113402
CO2017,D+,27,0.05567010309278351
CO2017,C,104,0.21443298969072164
CO2017,C+,91,0.18762886597938144
CO2017,B,134,0.27628865979381445
CO2017,B+,61,0.12577319587628866
CO2017,A,42,0.0865979381443299
CO2017,A+,12,0.024742268041237112
CO2039,F,3,0.006237006237006237
CO2039,D,5,0.010395010395010396
CO2039,D+,21,0.04365904365904366
CO2039,C,107,0.22245322245322247
CO2039,C+,97,0.20166320166320167
CO2039,B,128,0.2661122661122661
CO2039,B+,55,0.11434511434511435
CO2039,A,59,0.12266112266112267
CO2039,A+,6,0.012474012474012475
CO3001,F,3,0.006211180124223602
CO3001,D,9,0.018633540372670808
CO3001,D+,19,0.039337474120082816
CO3001,C,115,0.23809523809523808
CO3001,C+,90,0.18633540372670807
CO3001,B,134,0.2774327122153209
CO3001,B+,55,0.11387163561076605
CO3001,A,49,0.10144927536231885
CO3001,A+,9,0.018633540372670808
CO3005,F,4,0.008298755186721992
CO3005,D,17,0.035269709543568464
CO3005,D+,23,0.04771784232365145
CO3005,C,107,0.22199170124481327
CO3005,C+,97,0.2012448132780083
CO3005,B,117,0.24273858921161826
CO3005,B+,54,0.11203319502074689
CO3005,A,56,0.11618257261410789
CO3005,A+,7,0.014522821576763486
CO3011,F,1,0.009523809523809525
CO3011,D,2,0.01904761904761905
CO3011,D+,6,0.05714285714285714
CO3011,C,18,0.17142857142857143
CO3011,C+,22,0.20952380952380953
CO3011,B,28,0.26666666666666666
CO3011,B+,17,0.1619047619047619
CO3011,A,11,0.10476190476190476
CO3011,A+,0,0.0
CO3013,F,0,0.0
CO3013,D,4,0.057971014492753624
CO3013,D+,1,0.014492753623188406
CO3013,C,17,0.2463768115942029
CO3013,C+,15,0.21739130434782608
CO3013,B,13,0.18840579710144928
CO3013,B+,15,0.21739130434782608
CO3013,A,4,0.057971014492753624
CO3013,A+,0,0.0
CO3015,F,2,0.02702702702702703
CO3015,D,0,0.0
CO3015,D+,3,0.04054054054054054
CO3015,C,11,0.14864864864864866
CO3015,C+,16,0.21621621621621623
CO3015,B,25,0.33783783783783783
CO3015,B+,7,0.0945945945945946
CO3015,A,10,0.13513513513513514
CO3015,A+,0,0.0
CO3017,F,0,0.0
CO3017,D,2,0.03571428571428571
CO3017,D+,1,0.017857142857142856
CO3017,C,10,0.17857142857142858
CO3017,C+,11,0.19642857142857142
CO3017,B,18,0.32142857142857145
CO3017,B+,4,0.07142857142857142
CO3017,A,7,0.125
CO3017,A+,3,0.05357142857142857
CO3021,F,0,0.0
CO3021,D,3,0.039473684210526314
CO3021,D+,2,0.02631578947368421
CO3021,C,14,0.18421052631578946
CO3021,C+,20,0.2631578947368421
CO3021,B,15,0.19736842105263158
CO3021,B+,7,0.09210526315789473
CO3021,A,13,0.17105263157894737
CO3021,A+,2,0.02631578947368421
CO3023,F,0,0.0
CO3023,D,2,0.029850746268656716
CO3023,D+,2,0.029850746268656716
CO3023,C,16,0.23880597014925373
CO3023,C+,7,0.1044776119402985
CO3023,B,25,0.373134328358209
CO3023,B+,8,0.11940298507462686
CO3023,A,5,0.07462686567164178
CO3023,A+,2,0.029850746268656716
CO3027,F,0,0.0
CO3027,D,0,0.0
CO3027,D+,1,0.014925373134328358
CO3027,C,15,0.22388059701492538
CO3027,C+,13,0.19402985074626866
CO3027,B,20,0.29850746268656714
CO3027,B+,8,0.11940298507462686
CO3027,A,9,0.13432835820895522
CO3027,A+,1,0.014925373134328358
CO3029,F,0,0.0
CO3029,D,0,0.0
CO3029,D+,2,0.031746031746031744
CO3029,C,14,0.2222222222222222
CO3029,C+,12,0.19047619047619047
CO3029,B,20,0.31746031746031744
CO3029,B+,7,0.1111111111111111
CO3029,A,8,0.12698412698412698
CO3029,A+,0,0.0
CO3031,F,0,0.0
CO3031,D,4,0.05714285714285714
CO3031,D+,1,0.014285714285714285
CO3031,C,21,0.3
CO3031,C+,8,0.11428571428571428
CO3031,B,18,0.2571428571428571
CO3031,B+,12,0.17142857142857143
CO3031,A,5,0.07142857142857142
CO3031,A+,1,0.014285714285714285
CO3033,F,0,0.0
CO3033,D,0,0.0
CO3033,D+,2,0.0273972602739726
CO3033,C,13,0.1780821917808219
CO3033,C+,17,0.2328767123287671
CO3033,B,22,0.3013698630136986
CO3033,B+,11,0.1506849315068493
CO3033,A,7,0.0958904109589041
CO3033,A+,1,0.0136986301369863
CO3035,F,0,0.0
CO3035,D,0,0.0
CO3035,D+,2,0.03076923076923077
CO3035,C,14,0.2153846153846154
CO3035,C+,17,0.26153846153846155
CO3035,B,12,0.18461538461538463
CO3035,B+,12,0.18461538461538463
CO3035,A,7,0.1076923076923077
CO3035,A+,1,0.015384615384615385
CO3037,F,0,0.0
CO3037,D,0,0.0
CO3037,D+,3,0.04918032786885246
CO3037,C,13,0.21311475409836064
CO3037,C+,19,0.3114754098360656
CO3037,B,12,0.19672131147540983
CO3037,B+,6,0.09836065573770492
CO3037,A,7,0.11475409836065574
CO3037,A+,1,0.01639344262295082
CO3041,F,0,0.0
CO3041,D,0,0.0
CO3041,D+,1,0.014925373134328358
CO3041,C,17,0.2537313432835821
CO3041,C+,15,0.22388059701492538
CO3041,B,14,0.208955223880597
CO3041,B+,11,0.16417910447761194
CO3041,A,7,0.1044776119402985
CO3041,A+,2,0.029850746268656716
CO3043,F,0,0.0
CO3043,D,0,0.0
CO3043,D+,4,0.05128205128205128
CO3043,C,20,0.2564102564102564
CO3043,C+,10,0.1282051282051282
CO3043,B,19,0.24358974358974358
CO3043,B+,7,0.08974358974358974
CO3043,A,14,0.1794871794871795
CO3043,A+,4,0.05128205128205128
CO3045,F,0,0.0
CO3045,D,1,0.01694915254237288
CO3045,D+,2,0.03389830508474576
CO3045,C,13,0.22033898305084745
CO3045,C+,7,0.11864406779661017
CO3045,B,16,0.2711864406779661
CO3045,B+,10,0.1694915254237288
CO3045,A,10,0.1694915254237288
CO3045,A+,0,0.0
CO3047,F,0,0.0
CO3047,D,1,0.014705882352941176
CO3047,D+,6,0.08823529411764706
CO3047,C,11,0.16176470588235295
CO3047,C+,11,0.16176470588235295
CO3047,B,18,0.2647058823529412
CO3047,B+,8,0.11764705882352941
CO3047,A,13,0.19117647058823528
CO3047,A+,0,0.0
CO3049,F,0,0.0
CO3049,D,2,0.02631578947368421
CO3049,D+,4,0.05263157894736842
CO3049,C,16,0.21052631578947367
CO3049,C+,13,0.17105263157894737
CO3049,B,23,0.3026315789473684
CO3049,B+,11,0.14473684210526316
CO3049,A,5,0.06578947368421052
CO3049,A+,2,0.02631578947368421
CO3051,F,0,0.0
CO3051,D,1,0.015625
CO3051,D+,1,0.015625
CO3051,C,16,0.25
CO3051,C+,9,0.140625
CO3051,B,20,0.3125
CO3051,B+,8,0.125
CO3051,A,9,0.140625
CO3051,A+,0,0.0
CO3057,F,0,0.0
CO3057,D,1,0.01694915254237288
CO3057,D+,2,0.03389830508474576
CO3057,C,11,0.1864406779661017
CO3057,C+,12,0.2033898305084746
CO3057,B,19,0.3220338983050847
CO3057,B+,3,0.05084745762711865
CO3057,A,9,0.15254237288135594
CO3057,A+,2,0.03389830508474576
CO3059,F,0,0.0
CO3059,D,1,0.015873015873015872
CO3059,D+,4,0.06349206349206349
CO3059,C,12,0.19047619047619047
CO3059,C+,12,0.19047619047619047
CO3059,B,22,0.3492063492063492
CO3059,B+,4,0.06349206349206349
CO3059,A,6,0.09523809523809523
CO3059,A+,2,0.031746031746031744
CO3061,F,0,0.0
CO3061,D,0,0.0
CO3061,D+,2,0.041666666666666664
CO3061,C,8,0.16666666666666666
CO3061,C+,11,0.22916666666666666
CO3061,B,12,0.25
CO3061,B+,6,0.125
CO3061,A,6,0.125
CO3061,A+,3,0.0625
CO3065,F,0,0.0
CO3065,D,2,0.029850746268656716
CO3065,D+,4,0.05970149253731343
CO3065,C,7,0.1044776119402985
CO3065,C+,15,0.22388059701492538
CO3065,B,22,0.3283582089552239
CO3065,B+,7,0.1044776119402985
CO3065,A,7,0.1044776119402985
CO3065,A+,3,0.04477611940298507
CO3067,F,0,0.0
CO3067,D,0,0.0
CO3067,D+,5,0.07936507936507936
CO3067,C,9,0.14285714285714285
CO3067,C+,11,0.1746031746031746
CO3067,B,15,0.23809523809523808
CO3067,B+,12,0.19047619047619047
CO3067,A,7,0.1111111111111111
CO3067,A+,4,0.06349206349206349
CO3069,F,0,0.0
CO3069,D,0,0.0
CO3069,D+,2,0.02631578947368421
CO3069,C,19,0.25
CO3069,C+,13,0.17105263157894737
CO3069,B,27,0.35526315789473684
CO3069,B+,7,0.09210526315789473
CO3069,A,6,0.07894736842105263
CO3069,A+,2,0.02631578947368421
CO3071,F,0,0.0
CO3071,D,2,0.031746031746031744
CO3071,D+,2,0.031746031746031744
CO3071,C,8,0.12698412698412698
CO3071,C+,14,0.2222222222222222
CO3071,B,23,0.36507936507936506
CO3071,B+,6,0.09523809523809523
CO3071,A,7,0.1111111111111111
CO3071,A+,1,0.015873015873015872
CO3083,F,0,0.0
CO3083,D,0,0.0
CO3083,D+,1,0.014925373134328358
CO3083,C,12,0.1791044776119403
CO3083,C+,12,0.1791044776119403
CO3083,B,24,0.3582089552238806
CO3083,B+,10,0.14925373134328357
CO3083,A,5,0.07462686567164178
CO3083,A+,3,0.04477611940298507
CO3085,F,0,0.0
CO3085,D,0,0.0
CO3085,D+,2,0.034482758620689655
CO3085,C,14,0.2413793103448276
CO3085,C+,13,0.22413793103448276
CO3085,B,15,0.25862068965517243
CO3085,B+,5,0.08620689655172414
CO3085,A,7,0.1206896551724138
CO3085,A+,2,0.034482758620689655
CO3089,F,0,0.0
CO3089,D,3,0.04411764705882353
CO3089,D+,2,0.029411764705882353
CO3089,C,10,0.14705882352941177
CO3089,C+,11,0.16176470588235295
CO3089,B,23,0.3382352941176471
CO3089,B+,5,0.07352941176470588
CO3089,A,13,0.19117647058823528
CO3089,A+,1,0.014705882352941176
CO3093,F,7,0.014256619144602852
CO3093,D,13,0.026476578411405296
CO3093,D+,22,0.04480651731160896
CO3093,C,98,0.19959266802443992
CO3093,C+,107,0.21792260692464357
CO3093,B,130,0.26476578411405294
CO3093,B+,45,0.09164969450101833
CO3093,A,63,0.12830957230142567
CO3093,A+,6,0.012219959266802444
CO3107,F,2,0.01282051282051282
CO3107,D,3,0.019230769230769232
CO3107,D+,11,0.07051282051282051
CO3107,C,36,0.23076923076923078
CO3107,C+,31,0.1987179487179487
CO3107,B,42,0.2692307692307692
CO3107,B+,12,0.07692307692307693
CO3107,A,18,0.11538461538461539
CO3107,A+,1,0.00641025641025641
CO3109,F,0,0.0
CO3109,D,4,0.024096385542168676
CO3109,D+,5,0.030120481927710843
CO3109,C,29,0.1746987951807229
CO3109,C+,39,0.23493975903614459
CO3109,B,50,0.30120481927710846
CO3109,B+,18,0.10843373493975904
CO3109,A,17,0.10240963855421686
CO3109,A+,4,0.024096385542168676
CO3111,F,2,0.012422360248447204
CO3111,D,2,0.012422360248447204
CO3111,D+,8,0.049689440993788817
CO3111,C,37,0.22981366459627328
CO3111,C+,31,0.19254658385093168
CO3111,B,47,0.2919254658385093
CO3111,B+,19,0.11801242236024845
CO3111,A,11,0.06832298136645963
CO3111,A+,4,0.024844720496894408
CO3115,F,0,0.0
CO3115,D,0,0.0
CO3115,D+,3,0.043478260869565216
CO3115,C,11,0.15942028985507245
CO3115,C+,11,0.15942028985507245
CO3115,B,18,0.2608695652173913
CO3115,B+,7,0.10144927536231885
CO3115,A,15,0.21739130434782608
CO3115,A+,4,0.057971014492753624
CO3117,F,0,0.0
CO3117,D,3,0.04054054054054054
CO3117,D+,2,0.02702702702702703
CO3117,C,10,0.13513513513513514
CO3117,C+,12,0.16216216216216217
CO3117,B,16,0.21621621621621623
CO3117,B+,10,0.13513513513513514
CO3117,A,18,0.24324324324324326
CO3117,A+,3,0.04054054054054054
CO3129,F,0,0.0
CO3129,D,0,0.0
CO3129,D+,4,0.0625
CO3129,C,15,0.234375
CO3129,C+,14,0.21875
CO3129,B,13,0.203125
CO3129,B+,9,0.140625
CO3129,A,6,0.09375
CO3129,A+,3,0.046875
CO3131,F,0,0.0
CO3131,D,1,0.014492753623188406
CO3131,D+,0,0.0
CO3131,C,14,0.2028985507246377
CO3131,C+,14,0.2028985507246377
CO3131,B,19,0.2753623188405797
CO3131,B+,9,0.13043478260869565
CO3131,A,10,0.14492753623188406
CO3131,A+,2,0.028985507246376812
CO3133,F,0,0.0
CO3133,D,1,0.013157894736842105
CO3133,D+,3,0.039473684210526314
CO3133,C,14,0.18421052631578946
CO3133,C+,12,0.15789473684210525
CO3133,B,26,0.34210526315789475
CO3133,B+,8,0.10526315789473684
CO3133,A,10,0.13157894736842105
CO3133,A+,2,0.02631578947368421
CO3135,F,0,0.0
CO3135,D,0,0.0
CO3135,D+,3,0.04838709677419355
CO3135,C,10,0.16129032258064516
CO3135,C+,13,0.20967741935483872
CO3135,B,15,0.24193548387096775
CO3135,B+,7,0.11290322580645161
CO3135,A,11,0.1774193548387097
CO3135,A+,3,0.04838709677419355
CO3137,F,0,0.0
CO3137,D,5,0.0684931506849315
CO3137,D+,0,0.0
CO3137,C,13,0.1780821917808219
CO3137,C+,12,0.1643835616438356
CO3137,B,20,0.273972602739726
CO3137,B+,11,0.1506849315068493
CO3137,A,11,0.1506849315068493
CO3137,A+,1,0.0136986301369863
CO3139,F,0,0.0
CO3139,D,0,0.0
CO3139,D+,2,0.029850746268656716
CO3139,C,11,0.16417910447761194
CO3139,C+,8,0.11940298507462686
CO3139,B,24,0.3582089552238806
CO3139,B+,12,0.1791044776119403
CO3139,A,9,0.13432835820895522
CO3139,A+,1,0.014925373134328358
CO3151,F,1,0.015151515151515152
CO3151,D,0,0.0
CO3151,D+,3,0.045454545454545456
CO3151,C,7,0.10606060606060606
CO3151,C+,18,0.2727272727272727
CO3151,B,23,0.3484848484848485
CO3151,B+,6,0.09090909090909091
CO3151,A,6,0.09090909090909091
CO3151,A+,2,0.030303030303030304
CO3153,F,0,0.0
CO3153,D,0,0.0
CO3153,D+,0,0.0
CO3153,C,3,0.05454545454545454
CO3153,C+,18,0.32727272727272727
CO3153,B,14,0.2545454545454545
CO3153,B+,7,0.12727272727272726
CO3153,A,8,0.14545454545454545
CO3153,A+,5,0.09090909090909091
CO3335,F,3,0.006237006237006237
CO3335,D,18,0.037422037422037424
CO3335,D+,15,0.031185031185031187
CO3335,C,109,0.22661122661122662
CO3335,C+,85,0.17671517671517672
CO3335,B,133,0.2765072765072765
CO3335,B+,47,0.09771309771309772
CO3335,A,63,0.13097713097713098
CO3335,A+,8,0.016632016632016633
CO4025,F,0,0.0
CO4025,D,0,0.0
CO4025,D+,4,0.07017543859649122
CO4025,C,11,0.19298245614035087
CO4025,C+,10,0.17543859649122806
CO4025,B,11,0.19298245614035087
CO4025,B+,9,0.15789473684210525
CO4025,A,11,0.19298245614035087
CO4025,A+,1,0.017543859649122806
CO4029,F,2,0.01694915254237288
CO4029,D,3,0.025423728813559324
CO4029,D+,4,0.03389830508474576
CO4029,C,22,0.1864406779661017
CO4029,C+,18,0.15254237288135594
CO4029,B,32,0.2711864406779661
CO4029,B+,17,0.1440677966101695
CO4029,A,17,0.1440677966101695
CO4029,A+,3,0.025423728813559324
CO4031,F,0,0.0
CO4031,D,2,0.03333333333333333
CO4031,D+,4,0.06666666666666667
CO4031,C,8,0.13333333333333333
CO4031,C+,14,0.23333333333333334
CO4031,B,19,0.31666666666666665
CO4031,B+,2,0.03333333333333333
CO4031,A,9,0.15
CO4031,A+,2,0.03333333333333333
CO4033,F,0,0.0
CO4033,D,0,0.0
CO4033,D+,2,0.02857142857142857
CO4033,C,18,0.2571428571428571
CO4033,C+,10,0.14285714285714285
CO4033,B,19,0.2714285714285714
CO4033,B+,4,0.05714285714285714
CO4033,A,12,0.17142857142857143
CO4033,A+,5,0.07142857142857142
CO4035,F,0,0.0
CO4035,D,1,0.014492753623188406
CO4035,D+,2,0.028985507246376812
CO4035,C,13,0.18840579710144928
CO4035,C+,11,0.15942028985507245
CO4035,B,28,0.4057971014492754
CO4035,B+,4,0.057971014492753624
CO4035,A,7,0.10144927536231885
CO4035,A+,3,0.043478260869565216
CO4037,F,0,0.0
CO4037,D,0,0.0
CO4037,D+,1,0.016666666666666666
CO4037,C,13,0.21666666666666667
CO4037,C+,11,0.18333333333333332
CO4037,B,16,0.26666666666666666
CO4037,B+,10,0.16666666666666666
CO4037,A,6,0.1
CO4037,A+,3,0.05
CO4039,F,0,0.0
CO4039,D,0,0.0
CO4039,D+,1,0.019230769230769232
CO4039,C,13,0.25
CO4039,C+,15,0.28846153846153844
CO4039,B,13,0.25
CO4039,B+,3,0.057692307692307696
CO4039,A,5,0.09615384615384616
CO4039,A+,2,0.038461538461538464
CO4337,F,0,0.0
CO4337,D,3,0.02631578947368421
CO4337,D+,2,0.017543859649122806
CO4337,C,19,0.16666666666666666
CO4337,C+,20,0.17543859649122806
CO4337,B,26,0.22807017543859648
CO4337,B+,22,0.19298245614035087
CO4337,A,19,0.16666666666666666
CO4337,A+,3,0.02631578947368421
E1013,F,0,0.0
E1013,D,6,0.06060606060606061
E1013,D+,3,0.030303030303030304
E1013,C,14,0.1414141414141414
E1013,C+,13,0.13131313131313133
E1013,B,28,0.2828282828282828
E1013,B+,14,0.1414141414141414
E1013,A,15,0.15151515151515152
E1013,A+,6,0.06060606060606061
IM1011,F,0,0.0
IM1011,D,7,0.047619047619047616
IM1011,D+,6,0.04081632653061224
IM1011,C,36,0.24489795918367346
IM1011,C+,23,0.1564625850340136
IM1011,B,29,0.19727891156462585
IM1011,B+,21,0.14285714285714285
IM1011,A,18,0.12244897959183673
IM1011,A+,7,0.047619047619047616
IM1013,F,1,0.01
IM1013,D,4,0.04
IM1013,D+,9,0.09
IM1013,C,20,0.2
IM1013,C+,21,0.21
IM1013,B,23,0.23
IM1013,B+,7,0.07
IM1013,A,13,0.13
IM1013,A+,2,0.02
IM1019,F,0,0.0
IM1019,D,2,0.020202020202020204
IM1019,D+,2,0.020202020202020204
IM1019,C,19,0.1919191919191919
IM1019,C+,12,0.12121212121212122
IM1019,B,25,0.25252525252525254
IM1019,B+,17,0.1717171717171717
IM1019,A,19,0.1919191919191919
IM1019,A+,3,0.030303030303030304
IM1021,F,0,0.0
IM1021,D,0,0.0
IM1021,D+,6,0.06741573033707865
IM1021,C,15,0.16853932584269662
IM1021,C+,9,0.10112359550561797
IM1021,B,30,0.33707865168539325
IM1021,B+,13,0.14606741573033707
IM1021,A,11,0.12359550561797752
IM1021,A+,5,0.056179775280898875
IM1023,F,0,0.0
IM1023,D,1,0.00909090909090909
IM1023,D+,4,0.03636363636363636
IM1023,C,22,0.2
IM1023,C+,25,0.22727272727272727
IM1023,B,43,0.39090909090909093
IM1023,B+,4,0.03636363636363636
IM1023,A,9,0.08181818181818182
IM1023,A+,2,0.01818181818181818
IM1025,F,0,0.0
IM1025,D,2,0.02247191011235955
IM1025,D+,2,0.02247191011235955
IM1025,C,25,0.2808988764044944
IM1025,C+,19,0.21348314606741572
IM1025,B,20,0.2247191011235955
IM1025,B+,11,0.12359550561797752
IM1025,A,9,0.10112359550561797
IM1025,A+,1,0.011235955056179775
IM1027,F,0,0.0
IM1027,D,4,0.041237113402061855
IM1027,D+,4,0.041237113402061855
IM1027,C,15,0.15463917525773196
IM1027,C+,23,0.23711340206185566
IM1027,B,29,0.29896907216494845
IM1027,B+,9,0.09278350515463918
IM1027,A,12,0.12371134020618557
IM1027,A+,1,0.010309278350515464
IM3001,F,1,0.011627906976744186
IM3001,D,0,0.0
IM3001,D+,1,0.011627906976744186
IM3001,C,16,0.18604651162790697
IM3001,C+,17,0.19767441860465115
IM3001,B,33,0.38372093023255816
IM3001,B+,9,0.10465116279069768
IM3001,A,8,0.09302325581395349
IM3001,A+,1,0.011627906976744186
IM3047,F,0,0.0
IM3047,D,3,0.029411764705882353
IM3047,D+,5,0.049019607843137254
IM3047,C,13,0.12745098039215685
IM3047,C+,16,0.1568627450980392
IM3047,B,34,0.3333333333333333
IM3047,B+,9,0.08823529411764706
IM3047,A,15,0.14705882352941177
IM3047,A+,7,0.06862745098039216
LA1003,F,72,0.2
LA1003,D,43,0.11944444444444445
LA1003,D+,40,0.1111111111111111
LA1003,C,109,0.30277777777777776
LA1003,C+,43,0.11944444444444445
LA1003,B,46,0.12777777777777777
LA1003,B+,4,0.011111111111111112
LA1003,A,3,0.008333333333333333
LA1003,A+,0,0.0
LA1005,F,9,0.03180212014134275
LA1005,D,27,0.09540636042402827
LA1005,D+,45,0.15901060070671377
LA1005,C,103,0.36395759717314485
LA1005,C+,49,0.17314487632508835
LA1005,B,39,0.13780918727915195
LA1005,B+,9,0.03180212014134275
LA1005,A,2,0.007067137809187279
LA1005,A+,0,0.0
LA1007,F,0,0.0
LA1007,D,6,0.022304832713754646
LA1007,D+,11,0.040892193308550186
LA1007,C,92,0.3420074349442379
LA1007,C+,75,0.2788104089219331
LA1007,B,63,0.2342007434944238
LA1007,B+,14,0.05204460966542751
LA1007,A,8,0.02973977695167286
LA1007,A+,0,0.0
LA1009,F,0,0.0
LA1009,D,3,0.011152416356877323
LA1009,D+,19,0.07063197026022305
LA1009,C,78,0.2899628252788104
LA1009,C+,84,0.31226765799256506
LA1009,B,65,0.241635687732342
LA1009,B+,17,0.06319702602230483
LA1009,A,3,0.011152416356877323
LA1009,A+,0,0.0
ME4625,F,0,0.0
ME4625,D,3,0.03225806451612903
ME4625,D+,4,0.043010752688172046
ME4625,C,17,0.1827956989247312
ME4625,C+,9,0.0967741935483871
ME4625,B,26,0.27956989247311825
ME4625,B+,11,0.11827956989247312
ME4625,A,21,0.22580645161290322
ME4625,A+,2,0.021505376344086023
MI1003,F,9,0.017716535433070866
MI1003,D,23,0.045275590551181105
MI1003,D+,24,0.047244094488188976
MI1003,C,98,0.19291338582677164
MI1003,C+,113,0.22244094488188976
MI1003,B,124,0.2440944881889764
MI1003,B+,54,0.1062992125984252
MI1003,A,51,0.10039370078740158
MI1003,A+,12,0.023622047244094488
MT1003,F,13,0.025341130604288498
MT1003,D,29,0.056530214424951264
MT1003,D+,22,0.042884990253411304
MT1003,C,118,0.2300194931773879
MT1003,C+,85,0.16569200779727095
MT1003,B,130,0.253411306042885
MT1003,B+,52,0.10136452241715399
MT1003,A,55,0.10721247563352826
MT1003,A+,9,0.017543859649122806
MT1005,F,20,0.03875968992248062
MT1005,D,30,0.05813953488372093
MT1005,D+,32,0.06201550387596899
MT1005,C,89,0.17248062015503876
MT1005,C+,90,0.1744186046511628
MT1005,B,130,0.25193798449612403
MT1005,B+,48,0.09302325581395349
MT1005,A,69,0.13372093023255813
MT1005,A+,8,0.015503875968992248
MT1007,F,8,0.015841584158415842
MT1007,D,23,0.04554455445544554
MT1007,D+,26,0.05148514851485148
MT1007,C,115,0.22772277227722773
MT1007,C+,81,0.1603960396039604
MT1007,B,130,0.25742574257425743
MT1007,B+,68,0.13465346534653466
MT1007,A,45,0.0891089108910891
MT1007,A+,9,0.01782178217821782
MT2013,F,0,0.0
MT2013,D,16,0.03347280334728033
MT2013,D+,25,0.05230125523012552
MT2013,C,92,0.19246861924686193
MT2013,C+,94,0.19665271966527198
MT2013,B,140,0.2928870292887029
MT2013,B+,48,0.100418410041841
MT2013,A,56,0.11715481171548117
MT2013,A+,7,0.014644351464435146
PE1003,F,9,0.01764705882352941
PE1003,D,18,0.03529411764705882
PE1003,D+,21,0.041176470588235294
PE1003,C,112,0.2196078431372549
PE1003,C+,102,0.2
PE1003,B,138,0.27058823529411763
PE1003,B+,48,0.09411764705882353
PE1003,A,54,0.10588235294117647
PE1003,A+,8,0.01568627450980392
PE1005,F,16,0.03125
PE1005,D,23,0.044921875
PE1005,D+,19,0.037109375
PE1005,C,107,0.208984375
PE1005,C+,107,0.208984375
PE1005,B,126,0.24609375
PE1005,B+,51,0.099609375
PE1005,A,54,0.10546875
PE1005,A+,9,0.017578125
PH1003,F,24,0.045889101338432124
PH1003,D,24,0.045889101338432124
PH1003,D+,24,0.045889101338432124
PH1003,C,91,0.1739961759082218
PH1003,C+,109,0.2084130019120459
PH1003,B,129,0.24665391969407266
PH1003,B+,63,0.12045889101338432
PH1003,A,51,0.09751434034416825
PH1003,A+,8,0.015296367112810707
PH1007,F,42,0.07954545454545454
PH1007,D,50,0.0946969696969697
PH1007,D+,51,0.09659090909090909
PH1007,C,121,0.22916666666666666
PH1007,C+,86,0.16287878787878787
PH1007,B,104,0.19696969696969696
PH1007,B+,36,0.06818181818181818
PH1007,A,33,0.0625
PH1007,A+,5,0.00946969696969697
SP1007,F,1,0.004329004329004329
SP1007,D,3,0.012987012987012988
SP1007,D+,11,0.047619047619047616
SP1007,C,31,0.1341991341991342
SP1007,C+,45,0.19480519480519481
SP1007,B,71,0.30735930735930733
SP1007,B+,27,0.11688311688311688
SP1007,A,35,0.15151515151515152
SP1007,A+,7,0.030303030303030304
SP1031,F,3,0.006134969325153374
SP1031,D,19,0.03885480572597137
SP1031,D+,18,0.03680981595092025
SP1031,C,98,0.20040899795501022
SP1031,C+,102,0.2085889570552147
SP1031,B,126,0.25766871165644173
SP1031,B+,48,0.09815950920245399
SP1031,A,61,0.12474437627811862
SP1031,A+,14,0.028629856850715747
SP1033,F,9,0.018218623481781375
SP1033,D,14,0.02834008097165992
SP1033,D+,22,0.044534412955465584
SP1033,C,100,0.20242914979757085
SP1033,C+,104,0.21052631578947367
SP1033,B,128,0.2591093117408907
SP1033,B+,58,0.11740890688259109
SP1033,A,49,0.09919028340080972
SP1033,A+,10,0.020242914979757085
SP1035,F,8,0.016194331983805668
SP1035,D,18,0.03643724696356275
SP1035,D+,21,0.04251012145748988
SP1035,C,106,0.2145748987854251
SP1035,C+,98,0.19838056680161945
SP1035,B,137,0.2773279352226721
SP1035,B+,49,0.09919028340080972
SP1035,A,43,0.08704453441295547
SP1035,A+,14,0.02834008097165992
SP1037,F,2,0.010362694300518135
SP1037,D,4,0.02072538860103627
SP1037,D+,8,0.04145077720207254
SP1037,C,40,0.20725388601036268
SP1037,C+,36,0.18652849740932642
SP1037,B,51,0.26424870466321243
SP1037,B+,25,0.12953367875647667
SP1037,A,23,0.11917098445595854
SP1037,A+,4,0.02072538860103627
SP1039,F,2,0.004149377593360996
SP1039,D,10,0.02074688796680498
SP1039,D+,21,0.043568464730290454
SP1039,C,109,0.22614107883817428
SP1039,C+,96,0.1991701244813278
SP1039,B,122,0.25311203319502074
SP1039,B+,66,0.13692946058091288
SP1039,A,48,0.0995850622406639
SP1039,A+,8,0.016597510373443983
