course_code,scale,score_bin,count,share
ALL_UNIVERSITY,10-point,0-1,0,0.0
ALL_UNIVERSITY,10-point,1-2,1,4.784002296321102e-05
ALL_UNIVERSITY,10-point,2-3,39,0.0018657608955652298
ALL_UNIVERSITY,10-point,3-4,379,0.01813136870305698
ALL_UNIVERSITY,10-point,4-5,758,0.03626273740611396
ALL_UNIVERSITY,10-point,5-6,3009,0.14395062909630196
ALL_UNIVERSITY,10-point,6-7,6487,0.3103382289623499
ALL_UNIVERSITY,10-point,7-8,5457,0.26106300531024257
ALL_UNIVERSITY,10-point,8-9,3528,0.1687796010142085
ALL_UNIVERSITY,10-point,9-10,1245,0.05956082858919772
ALL_UNIVERSITY,4-point,0-0.5,419,0.020044969621585418
ALL_UNIVERSITY,4-point,0.5-1,0,0.0
ALL_UNIVERSITY,4-point,1-1.5,758,0.03626273740611396
ALL_UNIVERSITY,4-point,1.5-2,1027,0.04913170358321772
ALL_UNIVERSITY,4-point,2-2.5,4479,0.21427546285222218
ALL_UNIVERSITY,4-point,2.5-3,3990,0.19088169162321197
ALL_UNIVERSITY,4-point,3-3.5,5457,0.26106300531024257
ALL_UNIVERSITY,4-point,3.5-4,4773,0.2283404296034062
CH1003,10-point,0-1,0,0.0
CH1003,10-point,1-2,0,0.0
CH1003,10-point,2-3,0,0.0
CH1003,10-point,3-4,6,0.012448132780082987
CH1003,10-point,4-5,39,0.08091286307053942
CH1003,10-point,5-6,110,0.22821576763485477
CH1003,10-point,6-7,135,0.2800829875518672
CH1003,10-point,7-8,119,0.24688796680497926
CH1003,10-point,8-9,56,0.11618257261410789
CH1003,10-point,9-10,17,0.035269709543568464
CH1003,4-point,0-0.5,6,0.012448132780082987
CH1003,4-point,0.5-1,0,0.0
CH1003,4-point,1-1.5,39,0.08091286307053942
CH1003,4-point,1.5-2,42,0.08713692946058091
CH1003,4-point,2-2.5,131,0.2717842323651452
CH1003,4-point,2.5-3,72,0.14937759336099585
CH1003,4-point,3-3.5,119,0.24688796680497926
CH1003,4-point,3.5-4,73,0.15145228215767634
CH4079,10-point,0-1,0,0.0
CH4079,10-point,1-2,0,0.0
CH4079,10-point,2-3,0,0.0
CH4079,10-point,3-4,0,0.0
CH4079,10-point,4-5,3,0.03333333333333333
CH4079,10-point,5-6,7,0.07777777777777778
CH4079,10-point,6-7,23,0.25555555555555554
CH4079,10-point,7-8,21,0.23333333333333334
CH4079,10-point,8-9,21,0.23333333333333334
CH4079,10-point,9-10,15,0.16666666666666666
CH4079,4-point,0-0.5,0,0.0
CH4079,4-point,0.5-1,0,0.0
CH4079,4-point,1-1.5,3,0.03333333333333333
CH4079,4-point,1.5-2,2,0.022222222222222223
CH4079,4-point,2-2.5,11,0.12222222222222222
CH4079,4-point,2.5-3,17,0.18888888888888888
CH4079,4-point,3-3.5,21,0.23333333333333334
CH4079,4-point,3.5-4,36,0.4
CO1005,10-point,0-1,0,0.0
CO1005,10-point,1-2,0,0.0
CO1005,10-point,2-3,8,0.014414414414414415
CO1005,10-point,3-4,57,0.10270270270270271
CO1005,10-point,4-5,39,0.07027027027027027
CO1005,10-point,5-6,107,0.1927927927927928
CO1005,10-point,6-7,146,0.26306306306306304
CO1005,10-point,7-8,126,0.22702702702702704
CO1005,10-point,8-9,52,0.0936936936936937
CO1005,10-point,9-10,20,0.036036036036036036
CO1005,4-point,0-0.5,65,0.11711711711711711
CO1005,4-point,0.5-1,0,0.0
CO1005,4-point,1-1.5,39,0.07027027027027027
CO1005,4-point,1.5-2,36,0.06486486486486487
CO1005,4-point,2-2.5,134,0.24144144144144145
CO1005,4-point,2.5-3,83,0.14954954954954955
CO1005,4-point,3-3.5,126,0.22702702702702704
CO1005,4-point,3.5-4,72,0.12972972972972974
CO1007,10-point,0-1,0,0.0
CO1007,10-point,1-2,0,0.0
CO1007,10-point,2-3,0,0.0
CO1007,10-point,3-4,9,0.018036072144288578
CO1007,10-point,4-5,15,0.03006012024048096
CO1007,10-point,5-6,63,0.12625250501002003
CO1007,10-point,6-7,156,0.312625250501002
CO1007,10-point,7-8,138,0.27655310621242485
CO1007,10-point,8-9,84,0.1683366733466934
CO1007,10-point,9-10,34,0.06813627254509018
CO1007,4-point,0-0.5,9,0.018036072144288578
CO1007,4-point,0.5-1,0,0.0
CO1007,4-point,1-1.5,15,0.03006012024048096
CO1007,4-point,1.5-2,18,0.036072144288577156
CO1007,4-point,2-2.5,104,0.20841683366733466
CO1007,4-point,2.5-3,97,0.19438877755511022
CO1007,4-point,3-3.5,138,0.27655310621242485
CO1007,4-point,3.5-4,118,0.23647294589178355
CO1023,10-point,0-1,0,0.0
CO1023,10-point,1-2,0,0.0
CO1023,10-point,2-3,0,0.0
CO1023,10-point,3-4,23,0.04397705544933078
CO1023,10-point,4-5,21,0.040152963671128104
CO1023,10-point,5-6,74,0.14149139579349904
CO1023,10-point,6-7,149,0.28489483747609945
CO1023,10-point,7-8,143,0.2734225621414914
CO1023,10-point,8-9,80,0.15296367112810708
CO1023,10-point,9-10,33,0.06309751434034416
CO1023,4-point,0-0.5,23,0.04397705544933078
CO1023,4-point,0.5-1,0,0.0
CO1023,4-point,1-1.5,21,0.040152963671128104
CO1023,4-point,1.5-2,26,0.0497131931166348
CO1023,4-point,2-2.5,102,0.1950286806883365
CO1023,4-point,2.5-3,95,0.18164435946462715
CO1023,4-point,3-3.5,143,0.2734225621414914
CO1023,4-point,3.5-4,113,0.21606118546845124
CO1027,10-point,0-1,0,0.0
CO1027,10-point,1-2,0,0.0
CO1027,10-point,2-3,1,0.0019723865877712033
CO1027,10-point,3-4,13,0.02564102564102564
CO1027,10-point,4-5,26,0.05128205128205128
CO1027,10-point,5-6,76,0.14990138067061143
CO1027,10-point,6-7,161,0.3175542406311637
CO1027,10-point,7-8,134,0.26429980276134124
CO1027,10-point,8-9,71,0.14003944773175542
CO1027,10-point,9-10,25,0.04930966469428008
CO1027,4-point,0-0.5,14,0.027613412228796843
CO1027,4-point,0.5-1,0,0.0
CO1027,4-point,1-1.5,26,0.05128205128205128
CO1027,4-point,1.5-2,24,0.047337278106508875
CO1027,4-point,2-2.5,116,0.22879684418145957
CO1027,4-point,2.5-3,97,0.1913214990138067
CO1027,4-point,3-3.5,134,0.26429980276134124
CO1027,4-point,3.5-4,96,0.1893491124260355
CO2001,10-point,0-1,0,0.0
CO2001,10-point,1-2,0,0.0
CO2001,10-point,2-3,0,0.0
CO2001,10-point,3-4,1,0.0020920502092050207
CO2001,10-point,4-5,11,0.02301255230125523
CO2001,10-point,5-6,64,0.13389121338912133
CO2001,10-point,6-7,155,0.32426778242677823
CO2001,10-point,7-8,126,0.26359832635983266
CO2001,10-point,8-9,94,0.19665271966527198
CO2001,10-point,9-10,27,0.056485355648535567
CO2001,4-point,0-0.5,1,0.0020920502092050207
CO2001,4-point,0.5-1,0,0.0
CO2001,4-point,1-1.5,11,0.02301255230125523
CO2001,4-point,1.5-2,25,0.05230125523012552
CO2001,4-point,2-2.5,102,0.21338912133891214
CO2001,4-point,2.5-3,92,0.19246861924686193
CO2001,4-point,3-3.5,126,0.26359832635983266
CO2001,4-point,3.5-4,121,0.25313807531380755
CO2003,10-point,0-1,0,0.0
CO2003,10-point,1-2,0,0.0
CO2003,10-point,2-3,0,0.0
CO2003,10-point,3-4,7,0.014314928425357873
CO2003,10-point,4-5,10,0.02044989775051125
CO2003,10-point,5-6,76,0.1554192229038855
CO2003,10-point,6-7,148,0.30265848670756645
CO2003,10-point,7-8,125,0.2556237218813906
CO2003,10-point,8-9,97,0.1983640081799591
CO2003,10-point,9-10,26,0.053169734151329244
CO2003,4-point,0-0.5,7,0.014314928425357873
CO2003,4-point,0.5-1,0,0.0
CO2003,4-point,1-1.5,10,0.02044989775051125
CO2003,4-point,1.5-2,22,0.044989775051124746
CO2003,4-point,2-2.5,106,0.2167689161554192
CO2003,4-point,2.5-3,96,0.19631901840490798
CO2003,4-point,3-3.5,125,0.2556237218813906
CO2003,4-point,3.5-4,123,0.25153374233128833
CO2007,10-point,0-1,0,0.0
CO2007,10-point,1-2,0,0.0
CO2007,10-point,2-3,0,0.0
CO2007,10-point,3-4,5,0.010224948875255624
CO2007,10-point,4-5,12,0.024539877300613498
CO2007,10-point,5-6,64,0.130879345603272
CO2007,10-point,6-7,157,0.3210633946830266
CO2007,10-point,7-8,132,0.26993865030674846
CO2007,10-point,8-9,82,0.16768916155419222
CO2007,10-point,9-10,37,0.07566462167689161
CO2007,4-point,0-0.5,5,0.010224948875255624
CO2007,4-point,0.5-1,0,0.0
CO2007,4-point,1-1.5,12,0.024539877300613498
CO2007,4-point,1.5-2,18,0.03680981595092025
CO2007,4-point,2-2.5,102,0.2085889570552147
CO2007,4-point,2.5-3,101,0.2065439672801636
CO2007,4-point,3-3.5,132,0.26993865030674846
CO2007,4-point,3.5-4,119,0.24335378323108384
CO2011,10-point,0-1,0,0.0
CO2011,10-point,1-2,0,0.0
CO2011,10-point,2-3,0,0.0
CO2011,10-point,3-4,3,0.006172839506172839
CO2011,10-point,4-5,15,0.030864197530864196
CO2011,10-point,5-6,71,0.14609053497942387
CO2011,10-point,6-7,142,0.29218106995884774
CO2011,10-point,7-8,143,0.294238683127572
CO2011,10-point,8-9,88,0.18106995884773663
CO2011,10-point,9-10,24,0.04938271604938271
CO2011,4-point,0-0.5,3,0.006172839506172839
CO2011,4-point,0.5-1,0,0.0
CO2011,4-point,1-1.5,15,0.030864197530864196
CO2011,4-point,1.5-2,24,0.04938271604938271
CO2011,4-point,2-2.5,106,0.21810699588477367
CO2011,4-point,2.5-3,83,0.17078189300411523
CO2011,4-point,3-3.5,143,0.294238683127572
CO2011,4-point,3.5-4,112,0.23045267489711935
CO2013,10-point,0-1,0,0.0
CO2013,10-point,1-2,0,0.0
CO2013,10-point,2-3,0,0.0
CO2013,10-point,3-4,4,0.00823045267489712
CO2013,10-point,4-5,20,0.0411522633744856
CO2013,10-point,5-6,59,0.12139917695473251
CO2013,10-point,6-7,158,0.32510288065843623
CO2013,10-point,7-8,124,0.2551440329218107
CO2013,10-point,8-9,91,0.18724279835390947
CO2013,10-point,9-10,30,0.06172839506172839
CO2013,4-point,0-0.5,4,0.00823045267489712
CO2013,4-point,0.5-1,0,0.0
CO2013,4-point,1-1.5,20,0.0411522633744856
CO2013,4-point,1.5-2,23,0.047325102880658436
CO2013,4-point,2-2.5,98,0.20164609053497942
CO2013,4-point,2.5-3,96,0.19753086419753085
CO2013,4-point,3-3.5,124,0.2551440329218107
CO2013,4-point,3.5-4,121,0.24897119341563786
CO2017,10-point,0-1,0,0.0
CO2017,10-point,1-2,0,0.0
CO2017,10-point,2-3,0,0.0
CO2017,10-point,3-4,3,0.006185567010309278
CO2017,10-point,4-5,11,0.02268041237113402
CO2017,10-point,5-6,67,0.13814432989690723
CO2017,10-point,6-7,155,0.31958762886597936
CO2017,10-point,7-8,134,0.27628865979381445
CO2017,10-point,8-9,93,0.19175257731958764
CO2017,10-point,9-10,22,0.04536082474226804
CO2017,4-point,0-0.5,3,0.006185567010309278
CO2017,4-point,0.5-1,0,0.0
CO2017,4-point,1-1.5,11,0.02268041237113402
CO2017,4-point,1.5-2,27,0.05567010309278351
CO2017,4-point,2-2.5,104,0.21443298969072164
CO2017,4-point,2.5-3,91,0.18762886597938144
CO2017,4-point,3-3.5,134,0.27628865979381445
CO2017,4-point,3.5-4,115,0.23711340206185566
CO2039,10-point,0-1,0,0.0
CO2039,10-point,1-2,0,0.0
CO2039,10-point,2-3,0,0.0
CO2039,10-point,3-4,3,0.006237006237006237
CO2039,10-point,4-5,5,0.010395010395010396
CO2039,10-point,5-6,66,0.13721413721413722
CO2039,10-point,6-7,159,0.3305613305613306
CO2039,10-point,7-8,128,0.2661122661122661
CO2039,10-point,8-9,87,0.18087318087318088
CO2039,10-point,9-10,33,0.06860706860706861
CO2039,4-point,0-0.5,3,0.006237006237006237
CO2039,4-point,0.5-1,0,0.0
CO2039,4-point,1-1.5,5,0.010395010395010396
CO2039,4-point,1.5-2,21,0.04365904365904366
CO2039,4-point,2-2.5,107,0.22245322245322247
CO2039,4-point,2.5-3,97,0.20166320166320167
CO2039,4-point,3-3.5,128,0.2661122661122661
CO2039,4-point,3.5-4,120,0.2494802494802495
CO3001,10-point,0-1,0,0.0
CO3001,10-point,1-2,0,0.0
CO3001,10-point,2-3,1,0.002070393374741201
CO3001,10-point,3-4,2,0.004140786749482402
CO3001,10-point,4-5,9,0.018633540372670808
CO3001,10-point,5-6,72,0.14906832298136646
CO3001,10-point,6-7,152,0.3146997929606625
CO3001,10-point,7-8,134,0.2774327122153209
CO3001,10-point,8-9,83,0.17184265010351968
CO3001,10-point,9-10,30,0.062111801242236024
CO3001,4-point,0-0.5,3,0.006211180124223602
CO3001,4-point,0.5-1,0,0.0
CO3001,4-point,1-1.5,9,0.018633540372670808
CO3001,4-point,1.5-2,19,0.039337474120082816
CO3001,4-point,2-2.5,115,0.23809523809523808
CO3001,4-point,2.5-3,90,0.18633540372670807
CO3001,4-point,3-3.5,134,0.2774327122153209
CO3001,4-point,3.5-4,113,0.23395445134575568
CO3005,10-point,0-1,0,0.0
CO3005,10-point,1-2,0,0.0
CO3005,10-point,2-3,0,0.0
CO3005,10-point,3-4,4,0.008298755186721992
CO3005,10-point,4-5,17,0.035269709543568464
CO3005,10-point,5-6,74,0.15352697095435686
CO3005,10-point,6-7,153,0.31742738589211617
CO3005,10-point,7-8,117,0.24273858921161826
CO3005,10-point,8-9,91,0.1887966804979253
CO3005,10-point,9-10,26,0.05394190871369295
CO3005,4-point,0-0.5,4,0.008298755186721992
CO3005,4-point,0.5-1,0,0.0
CO3005,4-point,1-1.5,17,0.035269709543568464
CO3005,4-point,1.5-2,23,0.04771784232365145
CO3005,4-point,2-2.5,107,0.22199170124481327
CO3005,4-point,2.5-3,97,0.2012448132780083
CO3005,4-point,3-3.5,117,0.24273858921161826
CO3005,4-point,3.5-4,117,0.24273858921161826
CO3011,10-point,0-1,0,0.0
CO3011,10-point,1-2,0,0.0
CO3011,10-point,2-3,0,0.0
CO3011,10-point,3-4,1,0.009523809523809525
CO3011,10-point,4-5,2,0.01904761904761905
CO3011,10-point,5-6,13,0.12380952380952381
CO3011,10-point,6-7,33,0.3142857142857143
CO3011,10-point,7-8,28,0.26666666666666666
CO3011,10-point,8-9,24,0.22857142857142856
CO3011,10-point,9-10,4,0.0380952380952381
CO3011,4-point,0-0.5,1,0.009523809523809525
CO3011,4-point,0.5-1,0,0.0
CO3011,4-point,1-1.5,2,0.01904761904761905
CO3011,4-point,1.5-2,6,0.05714285714285714
CO3011,4-point,2-2.5,18,0.17142857142857143
CO3011,4-point,2.5-3,22,0.20952380952380953
CO3011,4-point,3-3.5,28,0.26666666666666666
CO3011,4-point,3.5-4,28,0.26666666666666666
CO3013,10-point,0-1,0,0.0
CO3013,10-point,1-2,0,0.0
CO3013,10-point,2-3,0,0.0
CO3013,10-point,3-4,0,0.0
CO3013,10-point,4-5,4,0.057971014492753624
CO3013,10-point,5-6,4,0.057971014492753624
CO3013,10-point,6-7,29,0.42028985507246375
CO3013,10-point,7-8,13,0.18840579710144928
CO3013,10-point,8-9,17,0.2463768115942029
CO3013,10-point,9-10,2,0.028985507246376812
CO3013,4-point,0-0.5,0,0.0
CO3013,4-point,0.5-1,0,0.0
CO3013,4-point,1-1.5,4,0.057971014492753624
CO3013,4-point,1.5-2,1,0.014492753623188406
CO3013,4-point,2-2.5,17,0.2463768115942029
CO3013,4-point,2.5-3,15,0.21739130434782608
CO3013,4-point,3-3.5,13,0.18840579710144928
CO3013,4-point,3.5-4,19,0.2753623188405797
CO3015,10-point,0-1,0,0.0
CO3015,10-point,1-2,0,0.0
CO3015,10-point,2-3,0,0.0
CO3015,10-point,3-4,2,0.02702702702702703
CO3015,10-point,4-5,0,0.0
CO3015,10-point,5-6,7,0.0945945945945946
CO3015,10-point,6-7,23,0.3108108108108108
CO3015,10-point,7-8,25,0.33783783783783783
CO3015,10-point,8-9,11,0.14864864864864866
CO3015,10-point,9-10,6,0.08108108108108109
CO3015,4-point,0-0.5,2,0.02702702702702703
CO3015,4-point,0.5-1,0,0.0
CO3015,4-point,1-1.5,0,0.0
CO3015,4-point,1.5-2,3,0.04054054054054054
CO3015,4-point,2-2.5,11,0.14864864864864866
CO3015,4-point,2.5-3,16,0.21621621621621623
CO3015,4-point,3-3.5,25,0.33783783783783783
CO3015,4-point,3.5-4,17,0.22972972972972974
CO3017,10-point,0-1,0,0.0
CO3017,10-point,1-2,0,0.0
CO3017,10-point,2-3,0,0.0
CO3017,10-point,3-4,0,0.0
CO3017,10-point,4-5,2,0.03571428571428571
CO3017,10-point,5-6,4,0.07142857142857142
CO3017,10-point,6-7,18,0.32142857142857145
CO3017,10-point,7-8,18,0.32142857142857145
CO3017,10-point,8-9,6,0.10714285714285714
CO3017,10-point,9-10,8,0.14285714285714285
CO3017,4-point,0-0.5,0,0.0
CO3017,4-point,0.5-1,0,0.0
CO3017,4-point,1-1.5,2,0.03571428571428571
CO3017,4-point,1.5-2,1,0.017857142857142856
CO3017,4-point,2-2.5,10,0.17857142857142858
CO3017,4-point,2.5-3,11,0.19642857142857142
CO3017,4-point,3-3.5,18,0.32142857142857145
CO3017,4-point,3.5-4,14,0.25
CO3021,10-point,0-1,0,0.0
CO3021,10-point,1-2,0,0.0
CO3021,10-point,2-3,0,0.0
CO3021,10-point,3-4,0,0.0
CO3021,10-point,4-5,3,0.039473684210526314
CO3021,10-point,5-6,6,0.07894736842105263
CO3021,10-point,6-7,30,0.39473684210526316
CO3021,10-point,7-8,15,0.19736842105263158
CO3021,10-point,8-9,14,0.18421052631578946
CO3021,10-point,9-10,8,0.10526315789473684
CO3021,4-point,0-0.5,0,0.0
CO3021,4-point,0.5-1,0,0.0
CO3021,4-point,1-1.5,3,0.039473684210526314
CO3021,4-point,1.5-2,2,0.02631578947368421
CO3021,4-point,2-2.5,14,0.18421052631578946
CO3021,4-point,2.5-3,20,0.2631578947368421
CO3021,4-point,3-3.5,15,0.19736842105263158
CO3021,4-point,3.5-4,22,0.2894736842105263
CO3023,10-point,0-1,0,0.0
CO3023,10-point,1-2,0,0.0
CO3023,10-point,2-3,0,0.0
CO3023,10-point,3-4,0,0.0
CO3023,10-point,4-5,2,0.029850746268656716
CO3023,10-point,5-6,7,0.1044776119402985
CO3023,10-point,6-7,18,0.26865671641791045
CO3023,10-point,7-8,25,0.373134328358209
CO3023,10-point,8-9,11,0.16417910447761194
CO3023,10-point,9-10,4,0.05970149253731343
CO3023,4-point,0-0.5,0,0.0
CO3023,4-point,0.5-1,0,0.0
CO3023,4-point,1-1.5,2,0.029850746268656716
CO3023,4-point,1.5-2,2,0.029850746268656716
CO3023,4-point,2-2.5,16,0.23880597014925373
CO3023,4-point,2.5-3,7,0.1044776119402985
CO3023,4-point,3-3.5,25,0.373134328358209
CO3023,4-point,3.5-4,15,0.22388059701492538
CO3027,10-point,0-1,0,0.0
CO3027,10-point,1-2,0,0.0
CO3027,10-point,2-3,0,0.0
CO3027,10-point,3-4,0,0.0
CO3027,10-point,4-5,0,0.0
CO3027,10-point,5-6,8,0.11940298507462686
CO3027,10-point,6-7,21,0.31343283582089554
CO3027,10-point,7-8,20,0.29850746268656714
CO3027,10-point,8-9,12,0.1791044776119403
CO3027,10-point,9-10,6,0.08955223880597014
CO3027,4-point,0-0.5,0,0.0
CO3027,4-point,0.5-1,0,0.0
CO3027,4-point,1-1.5,0,0.0
CO3027,4-point,1.5-2,1,0.014925373134328358
CO3027,4-point,2-2.5,15,0.22388059701492538
CO3027,4-point,2.5-3,13,0.19402985074626866
CO3027,4-point,3-3.5,20,0.29850746268656714
CO3027,4-point,3.5-4,18,0.26865671641791045
CO3029,10-point,0-1,0,0.0
CO3029,10-point,1-2,0,0.0
CO3029,10-point,2-3,0,0.0
CO3029,10-point,3-4,0,0.0
CO3029,10-point,4-5,0,0.0
CO3029,10-point,5-6,5,0.07936507936507936
CO3029,10-point,6-7,23,0.36507936507936506
CO3029,10-point,7-8,20,0.31746031746031744
CO3029,10-point,8-9,11,0.1746031746031746
CO3029,10-point,9-10,4,0.06349206349206349
CO3029,4-point,0-0.5,0,0.0
CO3029,4-point,0.5-1,0,0.0
CO3029,4-point,1-1.5,0,0.0
CO3029,4-point,1.5-2,2,0.031746031746031744
CO3029,4-point,2-2.5,14,0.2222222222222222
CO3029,4-point,2.5-3,12,0.19047619047619047
CO3029,4-point,3-3.5,20,0.31746031746031744
CO3029,4-point,3.5-4,15,0.23809523809523808
CO3031,10-point,0-1,0,0.0
CO3031,10-point,1-2,0,0.0
CO3031,10-point,2-3,0,0.0
CO3031,10-point,3-4,0,0.0
CO3031,10-point,4-5,4,0.05714285714285714
CO3031,10-point,5-6,12,0.17142857142857143
CO3031,10-point,6-7,18,0.2571428571428571
CO3031,10-point,7-8,18,0.2571428571428571
CO3031,10-point,8-9,15,0.21428571428571427
CO3031,10-point,9-10,3,0.04285714285714286
CO3031,4-point,0-0.5,0,0.0
CO3031,4-point,0.5-1,0,0.0
CO3031,4-point,1-1.5,4,0.05714285714285714
CO3031,4-point,1.5-2,1,0.014285714285714285
CO3031,4-point,2-2.5,21,0.3
CO3031,4-point,2.5-3,8,0.11428571428571428
CO3031,4-point,3-3.5,18,0.2571428571428571
CO3031,4-point,3.5-4,18,0.2571428571428571
CO3033,10-point,0-1,0,0.0
CO3033,10-point,1-2,0,0.0
CO3033,10-point,2-3,0,0.0
CO3033,10-point,3-4,0,0.0
CO3033,10-point,4-5,0,0.0
CO3033,10-point,5-6,6,0.0821917808219178
CO3033,10-point,6-7,26,0.3561643835616438
CO3033,10-point,7-8,22,0.3013698630136986
CO3033,10-point,8-9,14,0.1917808219178082
CO3033,10-point,9-10,5,0.0684931506849315
CO3033,4-point,0-0.5,0,0.0
CO3033,4-point,0.5-1,0,0.0
CO3033,4-point,1-1.5,0,0.0
CO3033,4-point,1.5-2,2,0.0273972602739726
CO3033,4-point,2-2.5,13,0.1780821917808219
CO3033,4-point,2.5-3,17,0.2328767123287671
CO3033,4-point,3-3.5,22,0.3013698630136986
CO3033,4-point,3.5-4,19,0.2602739726027397
CO3035,10-point,0-1,0,0.0
CO3035,10-point,1-2,0,0.0
CO3035,10-point,2-3,0,0.0
CO3035,10-point,3-4,0,0.0
CO3035,10-point,4-5,0,0.0
CO3035,10-point,5-6,8,0.12307692307692308
CO3035,10-point,6-7,25,0.38461538461538464
CO3035,10-point,7-8,12,0.18461538461538463
CO3035,10-point,8-9,17,0.26153846153846155
CO3035,10-point,9-10,3,0.046153846153846156
CO3035,4-point,0-0.5,0,0.0
CO3035,4-point,0.5-1,0,0.0
CO3035,4-point,1-1.5,0,0.0
CO3035,4-point,1.5-2,2,0.03076923076923077
CO3035,4-point,2-2.5,14,0.2153846153846154
CO3035,4-point,2.5-3,17,0.26153846153846155
CO3035,4-point,3-3.5,12,0.18461538461538463
CO3035,4-point,3.5-4,20,0.3076923076923077
CO3037,10-point,0-1,0,0.0
CO3037,10-point,1-2,0,0.0
CO3037,10-point,2-3,0,0.0
CO3037,10-point,3-4,0,0.0
CO3037,10-point,4-5,0,0.0
CO3037,10-point,5-6,13,0.21311475409836064
CO3037,10-point,6-7,22,0.36065573770491804
CO3037,10-point,7-8,12,0.19672131147540983
CO3037,10-point,8-9,12,0.19672131147540983
CO3037,10-point,9-10,2,0.03278688524590164
CO3037,4-point,0-0.5,0,0.0
CO3037,4-point,0.5-1,0,0.0
CO3037,4-point,1-1.5,0,0.0
CO3037,4-point,1.5-2,3,0.04918032786885246
CO3037,4-point,2-2.5,13,0.21311475409836064
CO3037,4-point,2.5-3,19,0.3114754098360656
CO3037,4-point,3-3.5,12,0.19672131147540983
CO3037,4-point,3.5-4,14,0.22950819672131148
CO3041,10-point,0-1,0,0.0
CO3041,10-point,1-2,0,0.0
CO3041,10-point,2-3,0,0.0
CO3041,10-point,3-4,0,0.0
CO3041,10-point,4-5,0,0.0
CO3041,10-point,5-6,10,0.14925373134328357
CO3041,10-point,6-7,23,0.34328358208955223
CO3041,10-point,7-8,14,0.208955223880597
CO3041,10-point,8-9,14,0.208955223880597
CO3041,10-point,9-10,6,0.08955223880597014
CO3041,4-point,0-0.5,0,0.0
CO3041,4-point,0.5-1,0,0.0
CO3041,4-point,1-1.5,0,0.0
CO3041,4-point,1.5-2,1,0.014925373134328358
CO3041,4-point,2-2.5,17,0.2537313432835821
CO3041,4-point,2.5-3,15,0.22388059701492538
CO3041,4-point,3-3.5,14,0.208955223880597
CO3041,4-point,3.5-4,20,0.29850746268656714
CO3043,10-point,0-1,0,0.0
CO3043,10-point,1-2,0,0.0
CO3043,10-point,2-3,0,0.0
CO3043,10-point,3-4,0,0.0
CO3043,10-point,4-5,0,0.0
CO3043,10-point,5-6,10,0.1282051282051282
CO3043,10-point,6-7,24,0.3076923076923077
CO3043,10-point,7-8,19,0.24358974358974358
CO3043,10-point,8-9,14,0.1794871794871795
CO3043,10-point,9-10,11,0.14102564102564102
CO3043,4-point,0-0.5,0,0.0
CO3043,4-point,0.5-1,0,0.0
CO3043,4-point,1-1.5,0,0.0
CO3043,4-point,1.5-2,4,0.05128205128205128
CO3043,4-point,2-2.5,20,0.2564102564102564
CO3043,4-point,2.5-3,10,0.1282051282051282
CO3043,4-point,3-3.5,19,0.24358974358974358
CO3043,4-point,3.5-4,25,0.32051282051282054
CO3045,10-point,0-1,0,0.0
CO3045,10-point,1-2,0,0.0
CO3045,10-point,2-3,0,0.0
CO3045,10-point,3-4,0,0.0
CO3045,10-point,4-5,1,0.01694915254237288
CO3045,10-point,5-6,8,0.13559322033898305
CO3045,10-point,6-7,14,0.23728813559322035
CO3045,10-point,7-8,16,0.2711864406779661
CO3045,10-point,8-9,15,0.2542372881355932
CO3045,10-point,9-10,5,0.0847457627118644
CO3045,4-point,0-0.5,0,0.0
CO3045,4-point,0.5-1,0,0.0
CO3045,4-point,1-1.5,1,0.01694915254237288
CO3045,4-point,1.5-2,2,0.03389830508474576
CO3045,4-point,2-2.5,13,0.22033898305084745
CO3045,4-point,2.5-3,7,0.11864406779661017
CO3045,4-point,3-3.5,16,0.2711864406779661
CO3045,4-point,3.5-4,20,0.3389830508474576
CO3047,10-point,0-1,0,0.0
CO3047,10-point,1-2,0,0.0
CO3047,10-point,2-3,0,0.0
CO3047,10-point,3-4,0,0.0
CO3047,10-point,4-5,1,0.014705882352941176
CO3047,10-point,5-6,9,0.1323529411764706
CO3047,10-point,6-7,19,0.27941176470588236
CO3047,10-point,7-8,18,0.2647058823529412
CO3047,10-point,8-9,11,0.16176470588235295
CO3047,10-point,9-10,10,0.14705882352941177
CO3047,4-point,0-0.5,0,0.0
CO3047,4-point,0.5-1,0,0.0
CO3047,4-point,1-1.5,1,0.014705882352941176
CO3047,4-point,1.5-2,6,0.08823529411764706
CO3047,4-point,2-2.5,11,0.16176470588235295
CO3047,4-point,2.5-3,11,0.16176470588235295
CO3047,4-point,3-3.5,18,0.2647058823529412
CO3047,4-point,3.5-4,21,0.3088235294117647
CO3049,10-point,0-1,0,0.0
CO3049,10-point,1-2,0,0.0
CO3049,10-point,2-3,0,0.0
CO3049,10-point,3-4,0,0.0
CO3049,10-point,4-5,2,0.02631578947368421
CO3049,10-point,5-6,13,0.17105263157894737
CO3049,10-point,6-7,20,0.2631578947368421
CO3049,10-point,7-8,23,0.3026315789473684
CO3049,10-point,8-9,14,0.18421052631578946
CO3049,10-point,9-10,4,0.05263157894736842
CO3049,4-point,0-0.5,0,0.0
CO3049,4-point,0.5-1,0,0.0
CO3049,4-point,1-1.5,2,0.02631578947368421
CO3049,4-point,1.5-2,4,0.05263157894736842
CO3049,4-point,2-2.5,16,0.21052631578947367
CO3049,4-point,2.5-3,13,0.17105263157894737
CO3049,4-point,3-3.5,23,0.3026315789473684
CO3049,4-point,3.5-4,18,0.23684210526315788
CO3051,10-point,0-1,0,0.0
CO3051,10-point,1-2,0,0.0
CO3051,10-point,2-3,0,0.0
CO3051,10-point,3-4,0,0.0
CO3051,10-point,4-5,1,0.015625
CO3051,10-point,5-6,6,0.09375
CO3051,10-point,6-7,20,0.3125
CO3051,10-point,7-8,20,0.3125
CO3051,10-point,8-9,15,0.234375
CO3051,10-point,9-10,2,0.03125
CO3051,4-point,0-0.5,0,0.0
CO3051,4-point,0.5-1,0,0.0
CO3051,4-point,1-1.5,1,0.015625
CO3051,4-point,1.5-2,1,0.015625
CO3051,4-point,2-2.5,16,0.25
CO3051,4-point,2.5-3,9,0.140625
CO3051,4-point,3-3.5,20,0.3125
CO3051,4-point,3.5-4,17,0.265625
CO3057,10-point,0-1,0,0.0
CO3057,10-point,1-2,0,0.0
CO3057,10-point,2-3,0,0.0
CO3057,10-point,3-4,0,0.0
CO3057,10-point,4-5,1,0.01694915254237288
CO3057,10-point,5-6,5,0.0847457627118644
CO3057,10-point,6-7,20,0.3389830508474576
CO3057,10-point,7-8,19,0.3220338983050847
CO3057,10-point,8-9,10,0.1694915254237288
CO3057,10-point,9-10,4,0.06779661016949153
CO3057,4-point,0-0.5,0,0.0
CO3057,4-point,0.5-1,0,0.0
CO3057,4-point,1-1.5,1,0.01694915254237288
CO3057,4-point,1.5-2,2,0.03389830508474576
CO3057,4-point,2-2.5,11,0.1864406779661017
CO3057,4-point,2.5-3,12,0.2033898305084746
CO3057,4-point,3-3.5,19,0.3220338983050847
CO3057,4-point,3.5-4,14,0.23728813559322035
CO3059,10-point,0-1,0,0.0
CO3059,10-point,1-2,0,0.0
CO3059,10-point,2-3,0,0.0
CO3059,10-point,3-4,0,0.0
CO3059,10-point,4-5,1,0.015873015873015872
CO3059,10-point,5-6,12,0.19047619047619047
CO3059,10-point,6-7,16,0.25396825396825395
CO3059,10-point,7-8,22,0.3492063492063492
CO3059,10-point,8-9,7,0.1111111111111111
CO3059,10-point,9-10,5,0.07936507936507936
CO3059,4-point,0-0.5,0,0.0
CO3059,4-point,0.5-1,0,0.0
CO3059,4-point,1-1.5,1,0.015873015873015872
CO3059,4-point,1.5-2,4,0.06349206349206349
CO3059,4-point,2-2.5,12,0.19047619047619047
CO3059,4-point,2.5-3,12,0.19047619047619047
CO3059,4-point,3-3.5,22,0.3492063492063492
CO3059,4-point,3.5-4,12,0.19047619047619047
CO3061,10-point,0-1,0,0.0
CO3061,10-point,1-2,0,0.0
CO3061,10-point,2-3,0,0.0
CO3061,10-point,3-4,0,0.0
CO3061,10-point,4-5,0,0.0
CO3061,10-point,5-6,5,0.10416666666666667
CO3061,10-point,6-7,16,0.3333333333333333
CO3061,10-point,7-8,12,0.25
CO3061,10-point,8-9,9,0.1875
CO3061,10-point,9-10,6,0.125
CO3061,4-point,0-0.5,0,0.0
CO3061,4-point,0.5-1,0,0.0
CO3061,4-point,1-1.5,0,0.0
CO3061,4-point,1.5-2,2,0.041666666666666664
CO3061,4-point,2-2.5,8,0.16666666666666666
CO3061,4-point,2.5-3,11,0.22916666666666666
CO3061,4-point,3-3.5,12,0.25
CO3061,4-point,3.5-4,15,0.3125
CO3065,10-point,0-1,0,0.0
CO3065,10-point,1-2,0,0.0
CO3065,10-point,2-3,0,0.0
CO3065,10-point,3-4,0,0.0
CO3065,10-point,4-5,2,0.029850746268656716
CO3065,10-point,5-6,6,0.08955223880597014
CO3065,10-point,6-7,20,0.29850746268656714
CO3065,10-point,7-8,22,0.3283582089552239
CO3065,10-point,8-9,10,0.14925373134328357
CO3065,10-point,9-10,7,0.1044776119402985
CO3065,4-point,0-0.5,0,0.0
CO3065,4-point,0.5-1,0,0.0
CO3065,4-point,1-1.5,2,0.029850746268656716
CO3065,4-point,1.5-2,4,0.05970149253731343
CO3065,4-point,2-2.5,7,0.1044776119402985
CO3065,4-point,2.5-3,15,0.22388059701492538
CO3065,4-point,3-3.5,22,0.3283582089552239
CO3065,4-point,3.5-4,17,0.2537313432835821
CO3067,10-point,0-1,0,0.0
CO3067,10-point,1-2,0,0.0
CO3067,10-point,2-3,0,0.0
CO3067,10-point,3-4,0,0.0
CO3067,10-point,4-5,0,0.0
CO3067,10-point,5-6,9,0.14285714285714285
CO3067,10-point,6-7,16,0.25396825396825395
CO3067,10-point,7-8,15,0.23809523809523808
CO3067,10-point,8-9,16,0.25396825396825395
CO3067,10-point,9-10,7,0.1111111111111111
CO3067,4-point,0-0.5,0,0.0
CO3067,4-point,0.5-1,0,0.0
CO3067,4-point,1-1.5,0,0.0
CO3067,4-point,1.5-2,5,0.07936507936507936
CO3067,4-point,2-2.5,9,0.14285714285714285
CO3067,4-point,2.5-3,11,0.1746031746031746
CO3067,4-point,3-3.5,15,0.23809523809523808
CO3067,4-point,3.5-4,23,0.36507936507936506
CO3069,10-point,0-1,0,0.0
CO3069,10-point,1-2,0,0.0
CO3069,10-point,2-3,0,0.0
CO3069,10-point,3-4,0,0.0
CO3069,10-point,4-5,0,0.0
CO3069,10-point,5-6,10,0.13157894736842105
CO3069,10-point,6-7,24,0.3157894736842105
CO3069,10-point,7-8,27,0.35526315789473684
CO3069,10-point,8-9,11,0.14473684210526316
CO3069,10-point,9-10,4,0.05263157894736842
CO3069,4-point,0-0.5,0,0.0
CO3069,4-point,0.5-1,0,0.0
CO3069,4-point,1-1.5,0,0.0
CO3069,4-point,1.5-2,2,0.02631578947368421
CO3069,4-point,2-2.5,19,0.25
CO3069,4-point,2.5-3,13,0.17105263157894737
CO3069,4-point,3-3.5,27,0.35526315789473684
CO3069,4-point,3.5-4,15,0.19736842105263158
CO3071,10-point,0-1,0,0.0
CO3071,10-point,1-2,0,0.0
CO3071,10-point,2-3,0,0.0
CO3071,10-point,3-4,0,0.0
CO3071,10-point,4-5,2,0.031746031746031744
CO3071,10-point,5-6,5,0.07936507936507936
CO3071,10-point,6-7,19,0.30158730158730157
CO3071,10-point,7-8,23,0.36507936507936506
CO3071,10-point,8-9,12,0.19047619047619047
CO3071,10-point,9-10,2,0.031746031746031744
CO3071,4-point,0-0.5,0,0.0
CO3071,4-point,0.5-1,0,0.0
CO3071,4-point,1-1.5,2,0.031746031746031744
CO3071,4-point,1.5-2,2,0.031746031746031744
CO3071,4-point,2-2.5,8,0.12698412698412698
CO3071,4-point,2.5-3,14,0.2222222222222222
CO3071,4-point,3-3.5,23,0.36507936507936506
CO3071,4-point,3.5-4,14,0.2222222222222222
CO3083,10-point,0-1,0,0.0
CO3083,10-point,1-2,0,0.0
CO3083,10-point,2-3,0,0.0
CO3083,10-point,3-4,0,0.0
CO3083,10-point,4-5,0,0.0
CO3083,10-point,5-6,7,0.1044776119402985
CO3083,10-point,6-7,18,0.26865671641791045
CO3083,10-point,7-8,24,0.3582089552238806
CO3083,10-point,8-9,12,0.1791044776119403
CO3083,10-point,9-10,6,0.08955223880597014
CO3083,4-point,0-0.5,0,0.0
CO3083,4-point,0.5-1,0,0.0
CO3083,4-point,1-1.5,0,0.0
CO3083,4-point,1.5-2,1,0.014925373134328358
CO3083,4-point,2-2.5,12,0.1791044776119403
CO3083,4-point,2.5-3,12,0.1791044776119403
CO3083,4-point,3-3.5,24,0.3582089552238806
CO3083,4-point,3.5-4,18,0.26865671641791045
CO3085,10-point,0-1,0,0.0
CO3085,10-point,1-2,0,0.0
CO3085,10-point,2-3,0,0.0
CO3085,10-point,3-4,0,0.0
CO3085,10-point,4-5,0,0.0
CO3085,10-point,5-6,9,0.15517241379310345
CO3085,10-point,6-7,20,0.3448275862068966
CO3085,10-point,7-8,15,0.25862068965517243
CO3085,10-point,8-9,9,0.15517241379310345
CO3085,10-point,9-10,5,0.08620689655172414
CO3085,4-point,0-0.5,0,0.0
CO3085,4-point,0.5-1,0,0.0
CO3085,4-point,1-1.5,0,0.0
CO3085,4-point,1.5-2,2,0.034482758620689655
CO3085,4-point,2-2.5,14,0.2413793103448276
CO3085,4-point,2.5-3,13,0.22413793103448276
CO3085,4-point,3-3.5,15,0.25862068965517243
CO3085,4-point,3.5-4,14,0.2413793103448276
CO3089,10-point,0-1,0,0.0
CO3089,10-point,1-2,0,0.0
CO3089,10-point,2-3,0,0.0
CO3089,10-point,3-4,0,0.0
CO3089,10-point,4-5,3,0.04411764705882353
CO3089,10-point,5-6,6,0.08823529411764706
CO3089,10-point,6-7,17,0.25
CO3089,10-point,7-8,23,0.3382352941176471
CO3089,10-point,8-9,13,0.19117647058823528
CO3089,10-point,9-10,6,0.08823529411764706
CO3089,4-point,0-0.5,0,0.0
CO3089,4-point,0.5-1,0,0.0
CO3089,4-point,1-1.5,3,0.04411764705882353
CO3089,4-point,1.5-2,2,0.029411764705882353
CO3089,4-point,2-2.5,10,0.14705882352941177
CO3089,4-point,2.5-3,11,0.16176470588235295
CO3089,4-point,3-3.5,23,0.3382352941176471
CO3089,4-point,3.5-4,19,0.27941176470588236
CO3093,10-point,0-1,0,0.0
CO3093,10-point,1-2,0,0.0
CO3093,10-point,2-3,0,0.0
CO3093,10-point,3-4,7,0.014256619144602852
CO3093,10-point,4-5,13,0.026476578411405296
CO3093,10-point,5-6,65,0.13238289205702647
CO3093,10-point,6-7,162,0.329938900203666
CO3093,10-point,7-8,130,0.26476578411405294
CO3093,10-point,8-9,85,0.17311608961303462
CO3093,10-point,9-10,29,0.059063136456211814
CO3093,4-point,0-0.5,7,0.014256619144602852
CO3093,4-point,0.5-1,0,0.0
CO3093,4-point,1-1.5,13,0.026476578411405296
CO3093,4-point,1.5-2,22,0.04480651731160896
CO3093,4-point,2-2.5,98,0.19959266802443992
CO3093,4-point,2.5-3,107,0.21792260692464357
CO3093,4-point,3-3.5,130,0.26476578411405294
CO3093,4-point,3.5-4,114,0.23217922606924643
CO3107,10-point,0-1,0,0.0
CO3107,10-point,1-2,0,0.0
CO3107,10-point,2-3,0,0.0
CO3107,10-point,3-4,2,0.01282051282051282
CO3107,10-point,4-5,3,0.019230769230769232
CO3107,10-point,5-6,22,0.14102564102564102
CO3107,10-point,6-7,56,0.358974358974359
CO3107,10-point,7-8,42,0.2692307692307692
CO3107,10-point,8-9,22,0.14102564102564102
CO3107,10-point,9-10,9,0.057692307692307696
CO3107,4-point,0-0.5,2,0.01282051282051282
CO3107,4-point,0.5-1,0,0.0
CO3107,4-point,1-1.5,3,0.019230769230769232
CO3107,4-point,1.5-2,11,0.07051282051282051
CO3107,4-point,2-2.5,36,0.23076923076923078
CO3107,4-point,2.5-3,31,0.1987179487179487
CO3107,4-point,3-3.5,42,0.2692307692307692
CO3107,4-point,3.5-4,31,0.1987179487179487
CO3109,10-point,0-1,0,0.0
CO3109,10-point,1-2,0,0.0
CO3109,10-point,2-3,0,0.0
CO3109,10-point,3-4,0,0.0
CO3109,10-point,4-5,4,0.024096385542168676
CO3109,10-point,5-6,17,0.10240963855421686
CO3109,10-point,6-7,56,0.3373493975903614
CO3109,10-point,7-8,50,0.30120481927710846
CO3109,10-point,8-9,29,0.1746987951807229
CO3109,10-point,9-10,10,0.060240963855421686
CO3109,4-point,0-0.5,0,0.0
CO3109,4-point,0.5-1,0,0.0
CO3109,4-point,1-1.5,4,0.024096385542168676
CO3109,4-point,1.5-2,5,0.030120481927710843
CO3109,4-point,2-2.5,29,0.1746987951807229
CO3109,4-point,2.5-3,39,0.23493975903614459
CO3109,4-point,3-3.5,50,0.30120481927710846
CO3109,4-point,3.5-4,39,0.23493975903614459
CO3111,10-point,0-1,0,0.0
CO3111,10-point,1-2,0,0.0
CO3111,10-point,2-3,0,0.0
CO3111,10-point,3-4,2,0.012422360248447204
CO3111,10-point,4-5,2,0.012422360248447204
CO3111,10-point,5-6,24,0.14906832298136646
CO3111,10-point,6-7,52,0.32298136645962733
CO3111,10-point,7-8,47,0.2919254658385093
CO3111,10-point,8-9,24,0.14906832298136646
CO3111,10-point,9-10,10,0.062111801242236024
CO3111,4-point,0-0.5,2,0.012422360248447204
CO3111,4-point,0.5-1,0,0.0
CO3111,4-point,1-1.5,2,0.012422360248447204
CO3111,4-point,1.5-2,8,0.049689440993788817
CO3111,4-point,2-2.5,37,0.22981366459627328
CO3111,4-point,2.5-3,31,0.19254658385093168
CO3111,4-point,3-3.5,47,0.2919254658385093
CO3111,4-point,3.5-4,34,0.2111801242236025
CO3115,10-point,0-1,0,0.0
CO3115,10-point,1-2,0,0.0
CO3115,10-point,2-3,0,0.0
CO3115,10-point,3-4,0,0.0
CO3115,10-point,4-5,0,0.0
CO3115,10-point,5-6,9,0.13043478260869565
CO3115,10-point,6-7,16,0.2318840579710145
CO3115,10-point,7-8,18,0.2608695652173913
CO3115,10-point,8-9,17,0.2463768115942029
CO3115,10-point,9-10,9,0.13043478260869565
CO3115,4-point,0-0.5,0,0.0
CO3115,4-point,0.5-1,0,0.0
CO3115,4-point,1-1.5,0,0.0
CO3115,4-point,1.5-2,3,0.043478260869565216
CO3115,4-point,2-2.5,11,0.15942028985507245
CO3115,4-point,2.5-3,11,0.15942028985507245
CO3115,4-point,3-3.5,18,0.2608695652173913
CO3115,4-point,3.5-4,26,0.37681159420289856
CO3117,10-point,0-1,0,0.0
CO3117,10-point,1-2,0,0.0
CO3117,10-point,2-3,0,0.0
CO3117,10-point,3-4,0,0.0
CO3117,10-point,4-5,3,0.04054054054054054
CO3117,10-point,5-6,6,0.08108108108108109
CO3117,10-point,6-7,18,0.24324324324324326
CO3117,10-point,7-8,16,0.21621621621621623
CO3117,10-point,8-9,21,0.28378378378378377
CO3117,10-point,9-10,10,0.13513513513513514
CO3117,4-point,0-0.5,0,0.0
CO3117,4-point,0.5-1,0,0.0
CO3117,4-point,1-1.5,3,0.04054054054054054
CO3117,4-point,1.5-2,2,0.02702702702702703
CO3117,4-point,2-2.5,10,0.13513513513513514
CO3117,4-point,2.5-3,12,0.16216216216216217
CO3117,4-point,3-3.5,16,0.21621621621621623
CO3117,4-point,3.5-4,31,0.4189189189189189
CO3129,10-point,0-1,0,0.0
CO3129,10-point,1-2,0,0.0
CO3129,10-point,2-3,0,0.0
CO3129,10-point,3-4,0,0.0
CO3129,10-point,4-5,0,0.0
CO3129,10-point,5-6,11,0.171875
CO3129,10-point,6-7,22,0.34375
CO3129,10-point,7-8,13,0.203125
CO3129,10-point,8-9,10,0.15625
CO3129,10-point,9-10,8,0.125
CO3129,4-point,0-0.5,0,0.0
CO3129,4-point,0.5-1,0,0.0
CO3129,4-point,1-1.5,0,0.0
CO3129,4-point,1.5-2,4,0.0625
CO3129,4-point,2-2.5,15,0.234375
CO3129,4-point,2.5-3,14,0.21875
CO3129,4-point,3-3.5,13,0.203125
CO3129,4-point,3.5-4,18,0.28125
CO3131,10-point,0-1,0,0.0
CO3131,10-point,1-2,0,0.0
CO3131,10-point,2-3,0,0.0
CO3131,10-point,3-4,0,0.0
CO3131,10-point,4-5,1,0.014492753623188406
CO3131,10-point,5-6,6,0.08695652173913043
CO3131,10-point,6-7,22,0.3188405797101449
CO3131,10-point,7-8,19,0.2753623188405797
CO3131,10-point,8-9,11,0.15942028985507245
CO3131,10-point,9-10,10,0.14492753623188406
CO3131,4-point,0-0.5,0,0.0
CO3131,4-point,0.5-1,0,0.0
CO3131,4-point,1-1.5,1,0.014492753623188406
CO3131,4-point,1.5-2,0,0.0
CO3131,4-point,2-2.5,14,0.2028985507246377
CO3131,4-point,2.5-3,14,0.2028985507246377
CO3131,4-point,3-3.5,19,0.2753623188405797
CO3131,4-point,3.5-4,21,0.30434782608695654
CO3133,10-point,0-1,0,0.0
CO3133,10-point,1-2,0,0.0
CO3133,10-point,2-3,0,0.0
CO3133,10-point,3-4,0,0.0
CO3133,10-point,4-5,1,0.013157894736842105
CO3133,10-point,5-6,10,0.13157894736842105
CO3133,10-point,6-7,19,0.25
CO3133,10-point,7-8,26,0.34210526315789475
CO3133,10-point,8-9,15,0.19736842105263158
CO3133,10-point,9-10,5,0.06578947368421052
CO3133,4-point,0-0.5,0,0.0
CO3133,4-point,0.5-1,0,0.0
CO3133,4-point,1-1.5,1,0.013157894736842105
CO3133,4-point,1.5-2,3,0.039473684210526314
CO3133,4-point,2-2.5,14,0.18421052631578946
CO3133,4-point,2.5-3,12,0.15789473684210525
CO3133,4-point,3-3.5,26,0.34210526315789475
CO3133,4-point,3.5-4,20,0.2631578947368421
CO3135,10-point,0-1,0,0.0
CO3135,10-point,1-2,0,0.0
CO3135,10-point,2-3,0,0.0
CO3135,10-point,3-4,0,0.0
CO3135,10-point,4-5,0,0.0
CO3135,10-point,5-6,6,0.0967741935483871
CO3135,10-point,6-7,20,0.3225806451612903
CO3135,10-point,7-8,15,0.24193548387096775
CO3135,10-point,8-9,14,0.22580645161290322
CO3135,10-point,9-10,7,0.11290322580645161
CO3135,4-point,0-0.5,0,0.0
CO3135,4-point,0.5-1,0,0.0
CO3135,4-point,1-1.5,0,0.0
CO3135,4-point,1.5-2,3,0.04838709677419355
CO3135,4-point,2-2.5,10,0.16129032258064516
CO3135,4-point,2.5-3,13,0.20967741935483872
CO3135,4-point,3-3.5,15,0.24193548387096775
CO3135,4-point,3.5-4,21,0.3387096774193548
CO3137,10-point,0-1,0,0.0
CO3137,10-point,1-2,0,0.0
CO3137,10-point,2-3,0,0.0
CO3137,10-point,3-4,0,0.0
CO3137,10-point,4-5,5,0.0684931506849315
CO3137,10-point,5-6,5,0.0684931506849315
CO3137,10-point,6-7,20,0.273972602739726
CO3137,10-point,7-8,20,0.273972602739726
CO3137,10-point,8-9,17,0.2328767123287671
CO3137,10-point,9-10,6,0.0821917808219178
CO3137,4-point,0-0.5,0,0.0
CO3137,4-point,0.5-1,0,0.0
CO3137,4-point,1-1.5,5,0.0684931506849315
CO3137,4-point,1.5-2,0,0.0
CO3137,4-point,2-2.5,13,0.1780821917808219
CO3137,4-point,2.5-3,12,0.1643835616438356
CO3137,4-point,3-3.5,20,0.273972602739726
CO3137,4-point,3.5-4,23,0.3150684931506849
CO3139,10-point,0-1,0,0.0
CO3139,10-point,1-2,0,0.0
CO3139,10-point,2-3,0,0.0
CO3139,10-point,3-4,0,0.0
CO3139,10-point,4-5,0,0.0
CO3139,10-point,5-6,5,0.07462686567164178
CO3139,10-point,6-7,16,0.23880597014925373
CO3139,10-point,7-8,24,0.3582089552238806
CO3139,10-point,8-9,15,0.22388059701492538
CO3139,10-point,9-10,7,0.1044776119402985
CO3139,4-point,0-0.5,0,0.0
CO3139,4-point,0.5-1,0,0.0
CO3139,4-point,1-1.5,0,0.0
CO3139,4-point,1.5-2,2,0.029850746268656716
CO3139,4-point,2-2.5,11,0.16417910447761194
CO3139,4-point,2.5-3,8,0.11940298507462686
CO3139,4-point,3-3.5,24,0.3582089552238806
CO3139,4-point,3.5-4,22,0.3283582089552239
CO3151,10-point,0-1,0,0.0
CO3151,10-point,1-2,0,0.0
CO3151,10-point,2-3,0,0.0
CO3151,10-point,3-4,1,0.015151515151515152
CO3151,10-point,4-5,0,0.0
CO3151,10-point,5-6,7,0.10606060606060606
CO3151,10-point,6-7,21,0.3181818181818182
CO3151,10-point,7-8,23,0.3484848484848485
CO3151,10-point,8-9,11,0.16666666666666666
CO3151,10-point,9-10,3,0.045454545454545456
CO3151,4-point,0-0.5,1,0.015151515151515152
CO3151,4-point,0.5-1,0,0.0
CO3151,4-point,1-1.5,0,0.0
CO3151,4-point,1.5-2,3,0.045454545454545456
CO3151,4-point,2-2.5,7,0.10606060606060606
CO3151,4-point,2.5-3,18,0.2727272727272727
CO3151,4-point,3-3.5,23,0.3484848484848485
CO3151,4-point,3.5-4,14,0.21212121212121213
CO3153,10-point,0-1,0,0.0
CO3153,10-point,1-2,0,0.0
CO3153,10-point,2-3,0,0.0
CO3153,10-point,3-4,0,0.0
CO3153,10-point,4-5,0,0.0
CO3153,10-point,5-6,2,0.03636363636363636
CO3153,10-point,6-7,19,0.34545454545454546
CO3153,10-point,7-8,14,0.2545454545454545
CO3153,10-point,8-9,13,0.23636363636363636
CO3153,10-point,9-10,7,0.12727272727272726
CO3153,4-point,0-0.5,0,0.0
CO3153,4-point,0.5-1,0,0.0
CO3153,4-point,1-1.5,0,0.0
CO3153,4-point,1.5-2,0,0.0
CO3153,4-point,2-2.5,3,0.05454545454545454
CO3153,4-point,2.5-3,18,0.32727272727272727
CO3153,4-point,3-3.5,14,0.2545454545454545
CO3153,4-point,3.5-4,20,0.36363636363636365
CO3335,10-point,0-1,0,0.0
CO3335,10-point,1-2,0,0.0
CO3335,10-point,2-3,0,0.0
CO3335,10-point,3-4,3,0.006237006237006237
CO3335,10-point,4-5,18,0.037422037422037424
CO3335,10-point,5-6,60,0.12474012474012475
CO3335,10-point,6-7,149,0.3097713097713098
CO3335,10-point,7-8,133,0.2765072765072765
CO3335,10-point,8-9,90,0.18711018711018712
CO3335,10-point,9-10,28,0.058212058212058215
CO3335,4-point,0-0.5,3,0.006237006237006237
CO3335,4-point,0.5-1,0,0.0
CO3335,4-point,1-1.5,18,0.037422037422037424
CO3335,4-point,1.5-2,15,0.031185031185031187
CO3335,4-point,2-2.5,109,0.22661122661122662
CO3335,4-point,2.5-3,85,0.17671517671517672
CO3335,4-point,3-3.5,133,0.2765072765072765
CO3335,4-point,3.5-4,118,0.24532224532224534
CO4025,10-point,0-1,0,0.0
CO4025,10-point,1-2,0,0.0
CO4025,10-point,2-3,0,0.0
CO4025,10-point,3-4,0,0.0
CO4025,10-point,4-5,0,0.0
CO4025,10-point,5-6,10,0.17543859649122806
CO4025,10-point,6-7,15,0.2631578947368421
CO4025,10-point,7-8,11,0.19298245614035087
CO4025,10-point,8-9,16,0.2807017543859649
CO4025,10-point,9-10,5,0.08771929824561403
CO4025,4-point,0-0.5,0,0.0
CO4025,4-point,0.5-1,0,0.0
CO4025,4-point,1-1.5,0,0.0
CO4025,4-point,1.5-2,4,0.07017543859649122
CO4025,4-point,2-2.5,11,0.19298245614035087
CO4025,4-point,2.5-3,10,0.17543859649122806
CO4025,4-point,3-3.5,11,0.19298245614035087
CO4025,4-point,3.5-4,21,0.3684210526315789
CO4029,10-point,0-1,0,0.0
CO4029,10-point,1-2,0,0.0
CO4029,10-point,2-3,0,0.0
CO4029,10-point,3-4,2,0.01694915254237288
CO4029,10-point,4-5,3,0.025423728813559324
CO4029,10-point,5-6,12,0.1016949152542373
CO4029,10-point,6-7,32,0.2711864406779661
CO4029,10-point,7-8,32,0.2711864406779661
CO4029,10-point,8-9,29,0.2457627118644068
CO4029,10-point,9-10,8,0.06779661016949153
CO4029,4-point,0-0.5,2,0.01694915254237288
CO4029,4-point,0.5-1,0,0.0
CO4029,4-point,1-1.5,3,0.025423728813559324
CO4029,4-point,1.5-2,4,0.03389830508474576
CO4029,4-point,2-2.5,22,0.1864406779661017
CO4029,4-point,2.5-3,18,0.15254237288135594
CO4029,4-point,3-3.5,32,0.2711864406779661
CO4029,4-point,3.5-4,37,0.3135593220338983
CO4031,10-point,0-1,0,0.0
CO4031,10-point,1-2,0,0.0
CO4031,10-point,2-3,0,0.0
CO4031,10-point,3-4,0,0.0
CO4031,10-point,4-5,2,0.03333333333333333
CO4031,10-point,5-6,6,0.1
CO4031,10-point,6-7,20,0.3333333333333333
CO4031,10-point,7-8,19,0.31666666666666665
CO4031,10-point,8-9,5,0.08333333333333333
CO4031,10-point,9-10,8,0.13333333333333333
CO4031,4-point,0-0.5,0,0.0
CO4031,4-point,0.5-1,0,0.0
CO4031,4-point,1-1.5,2,0.03333333333333333
CO4031,4-point,1.5-2,4,0.06666666666666667
CO4031,4-point,2-2.5,8,0.13333333333333333
CO4031,4-point,2.5-3,14,0.23333333333333334
CO4031,4-point,3-3.5,19,0.31666666666666665
CO4031,4-point,3.5-4,13,0.21666666666666667
CO4033,10-point,0-1,0,0.0
CO4033,10-point,1-2,0,0.0
CO4033,10-point,2-3,0,0.0
CO4033,10-point,3-4,0,0.0
CO4033,10-point,4-5,0,0.0
CO4033,10-point,5-6,14,0.2
CO4033,10-point,6-7,16,0.22857142857142856
CO4033,10-point,7-8,19,0.2714285714285714
CO4033,10-point,8-9,12,0.17142857142857143
CO4033,10-point,9-10,9,0.12857142857142856
CO4033,4-point,0-0.5,0,0.0
CO4033,4-point,0.5-1,0,0.0
CO4033,4-point,1-1.5,0,0.0
CO4033,4-point,1.5-2,2,0.02857142857142857
CO4033,4-point,2-2.5,18,0.2571428571428571
CO4033,4-point,2.5-3,10,0.14285714285714285
CO4033,4-point,3-3.5,19,0.2714285714285714
CO4033,4-point,3.5-4,21,0.3
CO4035,10-point,0-1,0,0.0
CO4035,10-point,1-2,0,0.0
CO4035,10-point,2-3,0,0.0
CO4035,10-point,3-4,0,0.0
CO4035,10-point,4-5,1,0.014492753623188406
CO4035,10-point,5-6,6,0.08695652173913043
CO4035,10-point,6-7,20,0.2898550724637681
CO4035,10-point,7-8,28,0.4057971014492754
CO4035,10-point,8-9,10,0.14492753623188406
CO4035,10-point,9-10,4,0.057971014492753624
CO4035,4-point,0-0.5,0,0.0
CO4035,4-point,0.5-1,0,0.0
CO4035,4-point,1-1.5,1,0.014492753623188406
CO4035,4-point,1.5-2,2,0.028985507246376812
CO4035,4-point,2-2.5,13,0.18840579710144928
CO4035,4-point,2.5-3,11,0.15942028985507245
CO4035,4-point,3-3.5,28,0.4057971014492754
CO4035,4-point,3.5-4,14,0.2028985507246377
CO4037,10-point,0-1,0,0.0
CO4037,10-point,1-2,0,0.0
CO4037,10-point,2-3,0,0.0
CO4037,10-point,3-4,0,0.0
CO4037,10-point,4-5,0,0.0
CO4037,10-point,5-6,8,0.13333333333333333
CO4037,10-point,6-7,17,0.2833333333333333
CO4037,10-point,7-8,16,0.26666666666666666
CO4037,10-point,8-9,12,0.2
CO4037,10-point,9-10,7,0.11666666666666667
CO4037,4-point,0-0.5,0,0.0
CO4037,4-point,0.5-1,0,0.0
CO4037,4-point,1-1.5,0,0.0
CO4037,4-point,1.5-2,1,0.016666666666666666
CO4037,4-point,2-2.5,13,0.21666666666666667
CO4037,4-point,2.5-3,11,0.18333333333333332
CO4037,4-point,3-3.5,16,0.26666666666666666
CO4037,4-point,3.5-4,19,0.31666666666666665
CO4039,10-point,0-1,0,0.0
CO4039,10-point,1-2,0,0.0
CO4039,10-point,2-3,0,0.0
CO4039,10-point,3-4,0,0.0
CO4039,10-point,4-5,0,0.0
CO4039,10-point,5-6,8,0.15384615384615385
CO4039,10-point,6-7,21,0.40384615384615385
CO4039,10-point,7-8,13,0.25
CO4039,10-point,8-9,6,0.11538461538461539
CO4039,10-point,9-10,4,0.07692307692307693
CO4039,4-point,0-0.5,0,0.0
CO4039,4-point,0.5-1,0,0.0
CO4039,4-point,1-1.5,0,0.0
CO4039,4-point,1.5-2,1,0.019230769230769232
CO4039,4-point,2-2.5,13,0.25
CO4039,4-point,2.5-3,15,0.28846153846153844
CO4039,4-point,3-3.5,13,0.25
CO4039,4-point,3.5-4,10,0.19230769230769232
CO4337,10-point,0-1,0,0.0
CO4337,10-point,1-2,0,0.0
CO4337,10-point,2-3,0,0.0
CO4337,10-point,3-4,0,0.0
CO4337,10-point,4-5,3,0.02631578947368421
CO4337,10-point,5-6,13,0.11403508771929824
CO4337,10-point,6-7,28,0.24561403508771928
CO4337,10-point,7-8,26,0.22807017543859648
CO4337,10-point,8-9,35,0.30701754385964913
CO4337,10-point,9-10,9,0.07894736842105263
CO4337,4-point,0-0.5,0,0.0
CO4337,4-point,0.5-1,0,0.0
CO4337,4-point,1-1.5,3,0.02631578947368421
CO4337,4-point,1.5-2,2,0.017543859649122806
CO4337,4-point,2-2.5,19,0.16666666666666666
CO4337,4-point,2.5-3,20,0.17543859649122806
CO4337,4-point,3-3.5,26,0.22807017543859648
CO4337,4-point,3.5-4,44,0.38596491228070173
E1013,10-point,0-1,0,0.0
E1013,10-point,1-2,0,0.0
E1013,10-point,2-3,0,0.0
E1013,10-point,3-4,0,0.0
E1013,10-point,4-5,6,0.06060606060606061
E1013,10-point,5-6,11,0.1111111111111111
E1013,10-point,6-7,19,0.1919191919191919
E1013,10-point,7-8,28,0.2828282828282828
E1013,10-point,8-9,22,0.2222222222222222
E1013,10-point,9-10,13,0.13131313131313133
E1013,4-point,0-0.5,0,0.0
E1013,4-point,0.5-1,0,0.0
E1013,4-point,1-1.5,6,0.06060606060606061
E1013,4-point,1.5-2,3,0.030303030303030304
E1013,4-point,2-2.5,14,0.1414141414141414
E1013,4-point,2.5-3,13,0.13131313131313133
E1013,4-point,3-3.5,28,0.2828282828282828
E1013,4-point,3.5-4,35,0.35353535353535354
IM1011,10-point,0-1,0,0.0
IM1011,10-point,1-2,0,0.0
IM1011,10-point,2-3,0,0.0
IM1011,10-point,3-4,0,0.0
IM1011,10-point,4-5,7,0.047619047619047616
IM1011,10-point,5-6,24,0.16326530612244897
IM1011,10-point,6-7,41,0.2789115646258503
IM1011,10-point,7-8,29,0.19727891156462585
IM1011,10-point,8-9,33,0.22448979591836735
IM1011,10-point,9-10,13,0.08843537414965986
IM1011,4-point,0-0.5,0,0.0
IM1011,4-point,0.5-1,0,0.0
IM1011,4-point,1-1.5,7,0.047619047619047616
IM1011,4-point,1.5-2,6,0.04081632653061224
IM1011,4-point,2-2.5,36,0.24489795918367346
IM1011,4-point,2.5-3,23,0.1564625850340136
IM1011,4-point,3-3.5,29,0.19727891156462585
IM1011,4-point,3.5-4,46,0.3129251700680272
IM1013,10-point,0-1,0,0.0
IM1013,10-point,1-2,0,0.0
IM1013,10-point,2-3,0,0.0
IM1013,10-point,3-4,1,0.01
IM1013,10-point,4-5,4,0.04
IM1013,10-point,5-6,15,0.15
IM1013,10-point,6-7,35,0.35
IM1013,10-point,7-8,23,0.23
IM1013,10-point,8-9,16,0.16
IM1013,10-point,9-10,6,0.06
IM1013,4-point,0-0.5,1,0.01
IM1013,4-point,0.5-1,0,0.0
IM1013,4-point,1-1.5,4,0.04
IM1013,4-point,1.5-2,9,0.09
IM1013,4-point,2-2.5,20,0.2
IM1013,4-point,2.5-3,21,0.21
IM1013,4-point,3-3.5,23,0.23
IM1013,4-point,3.5-4,22,0.22
IM1019,10-point,0-1,0,0.0
IM1019,10-point,1-2,0,0.0
IM1019,10-point,2-3,0,0.0
IM1019,10-point,3-4,0,0.0
IM1019,10-point,4-5,2,0.020202020202020204
IM1019,10-point,5-6,11,0.1111111111111111
IM1019,10-point,6-7,22,0.2222222222222222
IM1019,10-point,7-8,25,0.25252525252525254
IM1019,10-point,8-9,27,0.2727272727272727
IM1019,10-point,9-10,12,0.12121212121212122
IM1019,4-point,0-0.5,0,0.0
IM1019,4-point,0.5-1,0,0.0
IM1019,4-point,1-1.5,2,0.020202020202020204
IM1019,4-point,1.5-2,2,0.020202020202020204
IM1019,4-point,2-2.5,19,0.1919191919191919
IM1019,4-point,2.5-3,12,0.12121212121212122
IM1019,4-point,3-3.5,25,0.25252525252525254
IM1019,4-point,3.5-4,39,0.3939393939393939
IM1021,10-point,0-1,0,0.0
IM1021,10-point,1-2,0,0.0
IM1021,10-point,2-3,0,0.0
IM1021,10-point,3-4,0,0.0
IM1021,10-point,4-5,0,0.0
IM1021,10-point,5-6,14,0.15730337078651685
IM1021,10-point,6-7,16,0.1797752808988764
IM1021,10-point,7-8,30,0.33707865168539325
IM1021,10-point,8-9,22,0.24719101123595505
IM1021,10-point,9-10,7,0.07865168539325842
IM1021,4-point,0-0.5,0,0.0
IM1021,4-point,0.5-1,0,0.0
IM1021,4-point,1-1.5,0,0.0
IM1021,4-point,1.5-2,6,0.06741573033707865
IM1021,4-point,2-2.5,15,0.16853932584269662
IM1021,4-point,2.5-3,9,0.10112359550561797
IM1021,4-point,3-3.5,30,0.33707865168539325
IM1021,4-point,3.5-4,29,0.3258426966292135
IM1023,10-point,0-1,0,0.0
IM1023,10-point,1-2,0,0.0
IM1023,10-point,2-3,0,0.0
IM1023,10-point,3-4,0,0.0
IM1023,10-point,4-5,1,0.00909090909090909
IM1023,10-point,5-6,8,0.07272727272727272
IM1023,10-point,6-7,43,0.39090909090909093
IM1023,10-point,7-8,43,0.39090909090909093
IM1023,10-point,8-9,8,0.07272727272727272
IM1023,10-point,9-10,7,0.06363636363636363
IM1023,4-point,0-0.5,0,0.0
IM1023,4-point,0.5-1,0,0.0
IM1023,4-point,1-1.5,1,0.00909090909090909
IM1023,4-point,1.5-2,4,0.03636363636363636
IM1023,4-point,2-2.5,22,0.2
IM1023,4-point,2.5-3,25,0.22727272727272727
IM1023,4-point,3-3.5,43,0.39090909090909093
IM1023,4-point,3.5-4,15,0.13636363636363635
IM1025,10-point,0-1,0,0.0
IM1025,10-point,1-2,0,0.0
IM1025,10-point,2-3,0,0.0
IM1025,10-point,3-4,0,0.0
IM1025,10-point,4-5,2,0.02247191011235955
IM1025,10-point,5-6,13,0.14606741573033707
IM1025,10-point,6-7,33,0.3707865168539326
IM1025,10-point,7-8,20,0.2247191011235955
IM1025,10-point,8-9,17,0.19101123595505617
IM1025,10-point,9-10,4,0.0449438202247191
IM1025,4-point,0-0.5,0,0.0
IM1025,4-point,0.5-1,0,0.0
IM1025,4-point,1-1.5,2,0.02247191011235955
IM1025,4-point,1.5-2,2,0.02247191011235955
IM1025,4-point,2-2.5,25,0.2808988764044944
IM1025,4-point,2.5-3,19,0.21348314606741572
IM1025,4-point,3-3.5,20,0.2247191011235955
IM1025,4-point,3.5-4,21,0.23595505617977527
IM1027,10-point,0-1,0,0.0
IM1027,10-point,1-2,0,0.0
IM1027,10-point,2-3,0,0.0
IM1027,10-point,3-4,0,0.0
IM1027,10-point,4-5,4,0.041237113402061855
IM1027,10-point,5-6,8,0.08247422680412371
IM1027,10-point,6-7,34,0.35051546391752575
IM1027,10-point,7-8,29,0.29896907216494845
IM1027,10-point,8-9,18,0.18556701030927836
IM1027,10-point,9-10,4,0.041237113402061855
IM1027,4-point,0-0.5,0,0.0
IM1027,4-point,0.5-1,0,0.0
IM1027,4-point,1-1.5,4,0.041237113402061855
IM1027,4-point,1.5-2,4,0.041237113402061855
IM1027,4-point,2-2.5,15,0.15463917525773196
IM1027,4-point,2.5-3,23,0.23711340206185566
IM1027,4-point,3-3.5,29,0.29896907216494845
IM1027,4-point,3.5-4,22,0.2268041237113402
IM3001,10-point,0-1,0,0.0
IM3001,10-point,1-2,0,0.0
IM3001,10-point,2-3,0,0.0
IM3001,10-point,3-4,1,0.011627906976744186
IM3001,10-point,4-5,0,0.0
IM3001,10-point,5-6,9,0.10465116279069768
IM3001,10-point,6-7,25,0.29069767441860467
IM3001,10-point,7-8,33,0.38372093023255816
IM3001,10-point,8-9,14,0.16279069767441862
IM3001,10-point,9-10,4,0.046511627906976744
IM3001,4-point,0-0.5,1,0.011627906976744186
IM3001,4-point,0.5-1,0,0.0
IM3001,4-point,1-1.5,0,0.0
IM3001,4-point,1.5-2,1,0.011627906976744186
IM3001,4-point,2-2.5,16,0.18604651162790697
IM3001,4-point,2.5-3,17,0.19767441860465115
IM3001,4-point,3-3.5,33,0.38372093023255816
IM3001,4-point,3.5-4,18,0.20930232558139536
IM3047,10-point,0-1,0,0.0
IM3047,10-point,1-2,0,0.0
IM3047,10-point,2-3,0,0.0
IM3047,10-point,3-4,0,0.0
IM3047,10-point,4-5,3,0.029411764705882353
IM3047,10-point,5-6,10,0.09803921568627451
IM3047,10-point,6-7,24,0.23529411764705882
IM3047,10-point,7-8,34,0.3333333333333333
IM3047,10-point,8-9,18,0.17647058823529413
IM3047,10-point,9-10,13,0.12745098039215685
IM3047,4-point,0-0.5,0,0.0
IM3047,4-point,0.5-1,0,0.0
IM3047,4-point,1-1.5,3,0.029411764705882353
IM3047,4-point,1.5-2,5,0.049019607843137254
IM3047,4-point,2-2.5,13,0.12745098039215685
IM3047,4-point,2.5-3,16,0.1568627450980392
IM3047,4-point,3-3.5,34,0.3333333333333333
IM3047,4-point,3.5-4,31,0.30392156862745096
LA1003,10-point,0-1,0,0.0
LA1003,10-point,1-2,0,0.0
LA1003,10-point,2-3,11,0.030555555555555555
LA1003,10-point,3-4,61,0.16944444444444445
LA1003,10-point,4-5,43,0.11944444444444445
LA1003,10-point,5-6,97,0.26944444444444443
LA1003,10-point,6-7,95,0.2638888888888889
LA1003,10-point,7-8,46,0.12777777777777777
LA1003,10-point,8-9,7,0.019444444444444445
LA1003,10-point,9-10,0,0.0
LA1003,4-point,0-0.5,72,0.2
LA1003,4-point,0.5-1,0,0.0
LA1003,4-point,1-1.5,43,0.11944444444444445
LA1003,4-point,1.5-2,40,0.1111111111111111
LA1003,4-point,2-2.5,109,0.30277777777777776
LA1003,4-point,2.5-3,43,0.11944444444444445
LA1003,4-point,3-3.5,46,0.12777777777777777
LA1003,4-point,3.5-4,7,0.019444444444444445
LA1005,10-point,0-1,0,0.0
LA1005,10-point,1-2,0,0.0
LA1005,10-point,2-3,0,0.0
LA1005,10-point,3-4,9,0.03180212014134275
LA1005,10-point,4-5,27,0.09540636042402827
LA1005,10-point,5-6,94,0.3321554770318021
LA1005,10-point,6-7,103,0.36395759717314485
LA1005,10-point,7-8,39,0.13780918727915195
LA1005,10-point,8-9,11,0.038869257950530034
LA1005,10-point,9-10,0,0.0
LA1005,4-point,0-0.5,9,0.03180212014134275
LA1005,4-point,0.5-1,0,0.0
LA1005,4-point,1-1.5,27,0.09540636042402827
LA1005,4-point,1.5-2,45,0.15901060070671377
LA1005,4-point,2-2.5,103,0.36395759717314485
LA1005,4-point,2.5-3,49,0.17314487632508835
LA1005,4-point,3-3.5,39,0.13780918727915195
LA1005,4-point,3.5-4,11,0.038869257950530034
LA1007,10-point,0-1,0,0.0
LA1007,10-point,1-2,0,0.0
LA1007,10-point,2-3,0,0.0
LA1007,10-point,3-4,0,0.0
LA1007,10-point,4-5,6,0.022304832713754646
LA1007,10-point,5-6,49,0.1821561338289963
LA1007,10-point,6-7,129,0.4795539033457249
LA1007,10-point,7-8,63,0.2342007434944238
LA1007,10-point,8-9,21,0.07806691449814127
LA1007,10-point,9-10,1,0.0037174721189591076
LA1007,4-point,0-0.5,0,0.0
LA1007,4-point,0.5-1,0,0.0
LA1007,4-point,1-1.5,6,0.022304832713754646
LA1007,4-point,1.5-2,11,0.040892193308550186
LA1007,4-point,2-2.5,92,0.3420074349442379
LA1007,4-point,2.5-3,75,0.2788104089219331
LA1007,4-point,3-3.5,63,0.2342007434944238
LA1007,4-point,3.5-4,22,0.08178438661710037
LA1009,10-point,0-1,0,0.0
LA1009,10-point,1-2,0,0.0
LA1009,10-point,2-3,0,0.0
LA1009,10-point,3-4,0,0.0
LA1009,10-point,4-5,3,0.011152416356877323
LA1009,10-point,5-6,51,0.1895910780669145
LA1009,10-point,6-7,130,0.483271375464684
LA1009,10-point,7-8,65,0.241635687732342
LA1009,10-point,8-9,20,0.07434944237918216
LA1009,10-point,9-10,0,0.0
LA1009,4-point,0-0.5,0,0.0
LA1009,4-point,0.5-1,0,0.0
LA1009,4-point,1-1.5,3,0.011152416356877323
LA1009,4-point,1.5-2,19,0.07063197026022305
LA1009,4-point,2-2.5,78,0.2899628252788104
LA1009,4-point,2.5-3,84,0.31226765799256506
LA1009,4-point,3-3.5,65,0.241635687732342
LA1009,4-point,3.5-4,20,0.07434944237918216
ME4625,10-point,0-1,0,0.0
ME4625,10-point,1-2,0,0.0
ME4625,10-point,2-3,0,0.0
ME4625,10-point,3-4,0,0.0
ME4625,10-point,4-5,3,0.03225806451612903
ME4625,10-point,5-6,9,0.0967741935483871
ME4625,10-point,6-7,21,0.22580645161290322
ME4625,10-point,7-8,26,0.27956989247311825
ME4625,10-point,8-9,26,0.27956989247311825
ME4625,10-point,9-10,8,0.08602150537634409
ME4625,4-point,0-0.5,0,0.0
ME4625,4-point,0.5-1,0,0.0
ME4625,4-point,1-1.5,3,0.03225806451612903
ME4625,4-point,1.5-2,4,0.043010752688172046
ME4625,4-point,2-2.5,17,0.1827956989247312
ME4625,4-point,2.5-3,9,0.0967741935483871
ME4625,4-point,3-3.5,26,0.27956989247311825
ME4625,4-point,3.5-4,34,0.3655913978494624
MI1003,10-point,0-1,0,0.0
MI1003,10-point,1-2,0,0.0
MI1003,10-point,2-3,1,0.001968503937007874
MI1003,10-point,3-4,8,0.015748031496062992
MI1003,10-point,4-5,23,0.045275590551181105
MI1003,10-point,5-6,68,0.13385826771653545
MI1003,10-point,6-7,167,0.328740157480315
MI1003,10-point,7-8,124,0.2440944881889764
MI1003,10-point,8-9,90,0.17716535433070865
MI1003,10-point,9-10,27,0.0531496062992126
MI1003,4-point,0-0.5,9,0.017716535433070866
MI1003,4-point,0.5-1,0,0.0
MI1003,4-point,1-1.5,23,0.045275590551181105
MI1003,4-point,1.5-2,24,0.047244094488188976
MI1003,4-point,2-2.5,98,0.19291338582677164
MI1003,4-point,2.5-3,113,0.22244094488188976
MI1003,4-point,3-3.5,124,0.2440944881889764
MI1003,4-point,3.5-4,117,0.23031496062992127
MT1003,10-point,0-1,0,0.0
MT1003,10-point,1-2,0,0.0
MT1003,10-point,2-3,2,0.003898635477582846
MT1003,10-point,3-4,11,0.021442495126705652
MT1003,10-point,4-5,29,0.056530214424951264
MT1003,10-point,5-6,77,0.15009746588693956
MT1003,10-point,6-7,148,0.2884990253411306
MT1003,10-point,7-8,130,0.253411306042885
MT1003,10-point,8-9,89,0.17348927875243664
MT1003,10-point,9-10,27,0.05263157894736842
MT1003,4-point,0-0.5,13,0.025341130604288498
MT1003,4-point,0.5-1,0,0.0
MT1003,4-point,1-1.5,29,0.056530214424951264
MT1003,4-point,1.5-2,22,0.042884990253411304
MT1003,4-point,2-2.5,118,0.2300194931773879
MT1003,4-point,2.5-3,85,0.16569200779727095
MT1003,4-point,3-3.5,130,0.253411306042885
MT1003,4-point,3.5-4,116,0.22612085769980506
MT1005,10-point,0-1,0,0.0
MT1005,10-point,1-2,0,0.0
MT1005,10-point,2-3,0,0.0
MT1005,10-point,3-4,20,0.03875968992248062
MT1005,10-point,4-5,30,0.05813953488372093
MT1005,10-point,5-6,68,0.13178294573643412
MT1005,10-point,6-7,143,0.2771317829457364
MT1005,10-point,7-8,130,0.25193798449612403
MT1005,10-point,8-9,98,0.18992248062015504
MT1005,10-point,9-10,27,0.05232558139534884
MT1005,4-point,0-0.5,20,0.03875968992248062
MT1005,4-point,0.5-1,0,0.0
MT1005,4-point,1-1.5,30,0.05813953488372093
MT1005,4-point,1.5-2,32,0.06201550387596899
MT1005,4-point,2-2.5,89,0.17248062015503876
MT1005,4-point,2.5-3,90,0.1744186046511628
MT1005,4-point,3-3.5,130,0.25193798449612403
MT1005,4-point,3.5-4,125,0.24224806201550386
MT1007,10-point,0-1,0,0.0
MT1007,10-point,1-2,0,0.0
MT1007,10-point,2-3,0,0.0
MT1007,10-point,3-4,8,0.015841584158415842
MT1007,10-point,4-5,23,0.04554455445544554
MT1007,10-point,5-6,77,0.15247524752475247
MT1007,10-point,6-7,145,0.2871287128712871
MT1007,10-point,7-8,130,0.25742574257425743
MT1007,10-point,8-9,94,0.18613861386138614
MT1007,10-point,9-10,28,0.055445544554455446
MT1007,4-point,0-0.5,8,0.015841584158415842
MT1007,4-point,0.5-1,0,0.0
MT1007,4-point,1-1.5,23,0.04554455445544554
MT1007,4-point,1.5-2,26,0.05148514851485148
MT1007,4-point,2-2.5,115,0.22772277227722773
MT1007,4-point,2.5-3,81,0.1603960396039604
MT1007,4-point,3-3.5,130,0.25742574257425743
MT1007,4-point,3.5-4,122,0.24158415841584158
MT2013,10-point,0-1,0,0.0
MT2013,10-point,1-2,0,0.0
MT2013,10-point,2-3,0,0.0
MT2013,10-point,3-4,0,0.0
MT2013,10-point,4-5,16,0.03347280334728033
MT2013,10-point,5-6,69,0.14435146443514643
MT2013,10-point,6-7,142,0.29707112970711297
MT2013,10-point,7-8,140,0.2928870292887029
MT2013,10-point,8-9,82,0.17154811715481172
MT2013,10-point,9-10,29,0.060669456066945605
MT2013,4-point,0-0.5,0,0.0
MT2013,4-point,0.5-1,0,0.0
MT2013,4-point,1-1.5,16,0.03347280334728033
MT2013,4-point,1.5-2,25,0.05230125523012552
MT2013,4-point,2-2.5,92,0.19246861924686193
MT2013,4-point,2.5-3,94,0.19665271966527198
MT2013,4-point,3-3.5,140,0.2928870292887029
MT2013,4-point,3.5-4,111,0.23221757322175732
PE1003,10-point,0-1,0,0.0
PE1003,10-point,1-2,0,0.0
PE1003,10-point,2-3,2,0.00392156862745098
PE1003,10-point,3-4,7,0.013725490196078431
PE1003,10-point,4-5,18,0.03529411764705882
PE1003,10-point,5-6,73,0.14313725490196078
PE1003,10-point,6-7,162,0.3176470588235294
PE1003,10-point,7-8,138,0.27058823529411763
PE1003,10-point,8-9,76,0.14901960784313725
PE1003,10-point,9-10,34,0.06666666666666667
PE1003,4-point,0-0.5,9,0.01764705882352941
PE1003,4-point,0.5-1,0,0.0
PE1003,4-point,1-1.5,18,0.03529411764705882
PE1003,4-point,1.5-2,21,0.041176470588235294
PE1003,4-point,2-2.5,112,0.2196078431372549
PE1003,4-point,2.5-3,102,0.2
PE1003,4-point,3-3.5,138,0.27058823529411763
PE1003,4-point,3.5-4,110,0.21568627450980393
PE1005,10-point,0-1,0,0.0
PE1005,10-point,1-2,0,0.0
PE1005,10-point,2-3,2,0.00390625
PE1005,10-point,3-4,14,0.02734375
PE1005,10-point,4-5,23,0.044921875
PE1005,10-point,5-6,64,0.125
PE1005,10-point,6-7,169,0.330078125
PE1005,10-point,7-8,126,0.24609375
PE1005,10-point,8-9,83,0.162109375
PE1005,10-point,9-10,31,0.060546875
PE1005,4-point,0-0.5,16,0.03125
PE1005,4-point,0.5-1,0,0.0
PE1005,4-point,1-1.5,23,0.044921875
PE1005,4-point,1.5-2,19,0.037109375
PE1005,4-point,2-2.5,107,0.208984375
PE1005,4-point,2.5-3,107,0.208984375
PE1005,4-point,3-3.5,126,0.24609375
PE1005,4-point,3.5-4,114,0.22265625
PH1003,10-point,0-1,0,0.0
PH1003,10-point,1-2,0,0.0
PH1003,10-point,2-3,2,0.0038240917782026767
PH1003,10-point,3-4,22,0.04206500956022945
PH1003,10-point,4-5,24,0.045889101338432124
PH1003,10-point,5-6,67,0.12810707456978968
PH1003,10-point,6-7,157,0.30019120458891013
PH1003,10-point,7-8,129,0.24665391969407266
PH1003,10-point,8-9,99,0.18929254302103252
PH1003,10-point,9-10,23,0.04397705544933078
PH1003,4-point,0-0.5,24,0.045889101338432124
PH1003,4-point,0.5-1,0,0.0
PH1003,4-point,1-1.5,24,0.045889101338432124
PH1003,4-point,1.5-2,24,0.045889101338432124
PH1003,4-point,2-2.5,91,0.1739961759082218
PH1003,4-point,2.5-3,109,0.2084130019120459
PH1003,4-point,3-3.5,129,0.24665391969407266
PH1003,4-point,3.5-4,122,0.2332695984703633
PH1007,10-point,0-1,0,0.0
PH1007,10-point,1-2,1,0.001893939393939394
PH1007,10-point,2-3,9,0.017045454545454544
PH1007,10-point,3-4,32,0.06060606060606061
PH1007,10-point,4-5,50,0.0946969696969697
PH1007,10-point,5-6,108,0.20454545454545456
PH1007,10-point,6-7,150,0.2840909090909091
PH1007,10-point,7-8,104,0.19696969696969696
PH1007,10-point,8-9,56,0.10606060606060606
PH1007,10-point,9-10,18,0.03409090909090909
PH1007,4-point,0-0.5,42,0.07954545454545454
PH1007,4-point,0.5-1,0,0.0
PH1007,4-point,1-1.5,50,0.0946969696969697
PH1007,4-point,1.5-2,51,0.09659090909090909
PH1007,4-point,2-2.5,121,0.22916666666666666
PH1007,4-point,2.5-3,86,0.16287878787878787
PH1007,4-point,3-3.5,104,0.19696969696969696
PH1007,4-point,3.5-4,74,0.14015151515151514
SP1007,10-point,0-1,0,0.0
SP1007,10-point,1-2,0,0.0
SP1007,10-point,2-3,0,0.0
SP1007,10-point,3-4,1,0.004329004329004329
SP1007,10-point,4-5,3,0.012987012987012988
SP1007,10-point,5-6,26,0.11255411255411256
SP1007,10-point,6-7,61,0.26406926406926406
SP1007,10-point,7-8,71,0.30735930735930733
SP1007,10-point,8-9,51,0.22077922077922077
SP1007,10-point,9-10,18,0.07792207792207792
SP1007,4-point,0-0.5,1,0.004329004329004329
SP1007,4-point,0.5-1,0,0.0
SP1007,4-point,1-1.5,3,0.012987012987012988
SP1007,4-point,1.5-2,11,0.047619047619047616
SP1007,4-point,2-2.5,31,0.1341991341991342
SP1007,4-point,2.5-3,45,0.19480519480519481
SP1007,4-point,3-3.5,71,0.30735930735930733
SP1007,4-point,3.5-4,69,0.2987012987012987
SP1031,10-point,0-1,0,0.0
SP1031,10-point,1-2,0,0.0
SP1031,10-point,2-3,0,0.0
SP1031,10-point,3-4,3,0.006134969325153374
SP1031,10-point,4-5,19,0.03885480572597137
SP1031,10-point,5-6,63,0.12883435582822086
SP1031,10-point,6-7,155,0.3169734151329243
SP1031,10-point,7-8,126,0.25766871165644173
SP1031,10-point,8-9,93,0.1901840490797546
SP1031,10-point,9-10,30,0.06134969325153374
SP1031,4-point,0-0.5,3,0.006134969325153374
SP1031,4-point,0.5-1,0,0.0
SP1031,4-point,1-1.5,19,0.03885480572597137
SP1031,4-point,1.5-2,18,0.03680981595092025
SP1031,4-point,2-2.5,98,0.20040899795501022
SP1031,4-point,2.5-3,102,0.2085889570552147
SP1031,4-point,3-3.5,126,0.25766871165644173
SP1031,4-point,3.5-4,123,0.25153374233128833
SP1033,10-point,0-1,0,0.0
SP1033,10-point,1-2,0,0.0
SP1033,10-point,2-3,0,0.0
SP1033,10-point,3-4,9,0.018218623481781375
SP1033,10-point,4-5,14,0.02834008097165992
SP1033,10-point,5-6,65,0.13157894736842105
SP1033,10-point,6-7,161,0.3259109311740891
SP1033,10-point,7-8,128,0.2591093117408907
SP1033,10-point,8-9,89,0.18016194331983806
SP1033,10-point,9-10,28,0.05668016194331984
SP1033,4-point,0-0.5,9,0.018218623481781375
SP1033,4-point,0.5-1,0,0.0
SP1033,4-point,1-1.5,14,0.02834008097165992
SP1033,4-point,1.5-2,22,0.044534412955465584
SP1033,4-point,2-2.5,100,0.20242914979757085
SP1033,4-point,2.5-3,104,0.21052631578947367
SP1033,4-point,3-3.5,128,0.2591093117408907
SP1033,4-point,3.5-4,117,0.23684210526315788
SP1035,10-point,0-1,0,0.0
SP1035,10-point,1-2,0,0.0
SP1035,10-point,2-3,0,0.0
SP1035,10-point,3-4,8,0.016194331983805668
SP1035,10-point,4-5,18,0.03643724696356275
SP1035,10-point,5-6,66,0.13360323886639677
SP1035,10-point,6-7,159,0.32186234817813764
SP1035,10-point,7-8,137,0.2773279352226721
SP1035,10-point,8-9,74,0.14979757085020243
SP1035,10-point,9-10,32,0.06477732793522267
SP1035,4-point,0-0.5,8,0.016194331983805668
SP1035,4-point,0.5-1,0,0.0
SP1035,4-point,1-1.5,18,0.03643724696356275
SP1035,4-point,1.5-2,21,0.04251012145748988
SP1035,4-point,2-2.5,106,0.2145748987854251
SP1035,4-point,2.5-3,98,0.19838056680161945
SP1035,4-point,3-3.5,137,0.2773279352226721
SP1035,4-point,3.5-4,106,0.2145748987854251
SP1037,10-point,0-1,0,0.0
SP1037,10-point,1-2,0,0.0
SP1037,10-point,2-3,0,0.0
SP1037,10-point,3-4,2,0.010362694300518135
SP1037,10-point,4-5,4,0.02072538860103627
SP1037,10-point,5-6,20,0.10362694300518134
SP1037,10-point,6-7,64,0.3316062176165803
SP1037,10-point,7-8,51,0.26424870466321243
SP1037,10-point,8-9,36,0.18652849740932642
SP1037,10-point,9-10,16,0.08290155440414508
SP1037,4-point,0-0.5,2,0.010362694300518135
SP1037,4-point,0.5-1,0,0.0
SP1037,4-point,1-1.5,4,0.02072538860103627
SP1037,4-point,1.5-2,8,0.04145077720207254
SP1037,4-point,2-2.5,40,0.20725388601036268
SP1037,4-point,2.5-3,36,0.18652849740932642
SP1037,4-point,3-3.5,51,0.26424870466321243
SP1037,4-point,3.5-4,52,0.2694300518134715
SP1039,10-point,0-1,0,0.0
SP1039,10-point,1-2,0,0.0
SP1039,10-point,2-3,0,0.0
SP1039,10-point,3-4,2,0.004149377593360996
SP1039,10-point,4-5,10,0.02074688796680498
SP1039,10-point,5-6,70,0.14522821576763487
SP1039,10-point,6-7,156,0.3236514522821577
SP1039,10-point,7-8,122,0.25311203319502074
SP1039,10-point,8-9,93,0.19294605809128632
SP1039,10-point,9-10,29,0.06016597510373444
SP1039,4-point,0-0.5,2,0.004149377593360996
SP1039,4-point,0.5-1,0,0.0
SP1039,4-point,1-1.5,10,0.02074688796680498
SP1039,4-point,1.5-2,21,0.043568464730290454
SP1039,4-point,2-2.5,109,0.22614107883817428
SP1039,4-point,2.5-3,96,0.1991701244813278
SP1039,4-point,3-3.5,122,0.25311203319502074
SP1039,4-point,3.5-4,122,0.25311203319502074
