student_id,cohort,family_income,financial_pressure,living_condition,discipline,motivation,stress,social_activity,academic_level,english_level,profile_strength,tracked_semesters,registered_semesters,empty_semesters,last_observed_semester,english_pass,ctxh_days_cumulative,thesis_eligible,passed_credits,gpa_4,graduation_ready,academic_suspension_count,academic_suspension_semesters,graduation_semester,graduation_timing,degree_classification,dropout,dropout_type,dropout_reason,dropout_semester,missing_required_courses
1300237,K13,medium,low,dorm,4,4,3,1,4,3,0.625,8,6,2,HK162,True,12,True,97.0,3.4072164948453607,False,0,,,not_graduated,not_graduated,False,none,,,8
1300374,K13,low,medium,with_family,4,5,4,4,2,1,0.4688,8,6,2,HK162,False,21,False,102.0,1.7696078431372548,False,0,,,not_graduated,not_graduated,False,none,,,4
1300511,K13,medium,low,dorm,3,5,4,5,4,3,0.7188,8,8,0,HK162,True,19,True,134.0,3.291044776119403,False,0,,,not_graduated,not_graduated,False,none,,,4
1300648,K13,medium,medium,dorm,1,3,3,5,4,4,0.625,8,6,2,HK162,False,13,False,97.0,2.9381443298969074,False,0,,,not_graduated,not_graduated,False,none,,,8
1300966,K13,medium,medium,with_family,5,3,3,1,2,1,0.375,8,6,2,HK162,False,15,False,102.0,1.7696078431372548,False,0,,,not_graduated,not_graduated,False,none,,,4
1301103,K13,medium,low,dorm,2,4,3,2,2,2,0.3438,8,7,1,HK162,False,12,False,116.0,1.6767241379310345,False,0,,,not_graduated,not_graduated,False,none,,,3
1301240,K13,low,medium,rental,3,4,5,3,4,3,0.5938,8,6,2,HK162,False,11,False,97.0,3.0257731958762886,False,0,,,not_graduated,not_graduated,False,none,,,8
1301377,K13,low,medium,with_family,3,2,3,4,3,2,0.5,8,8,0,HK162,True,15,True,139.0,2.2446043165467624,True,0,,HK162,on_time,average,False,none,,,0
1301695,K13,low,medium,rental,2,4,2,4,4,5,0.6875,8,8,0,HK162,True,17,True,134.0,3.208955223880597,False,0,,,not_graduated,not_graduated,False,none,,,4
1301832,K13,medium,medium,dorm,3,1,4,1,2,4,0.2188,8,6,2,HK162,True,3,False,99.0,1.3888888888888888,False,0,,,not_graduated,not_graduated,False,none,,,4
1301969,K13,medium,high,dorm,3,3,3,3,3,4,0.5,8,8,0,HK162,True,19,True,139.0,2.420863309352518,True,0,,HK162,on_time,average,False,none,,,0
1302106,K13,medium,medium,rental,3,4,1,2,3,3,0.5625,8,6,2,HK162,False,18,False,102.0,2.5980392156862746,False,0,,,not_graduated,not_graduated,False,none,,,4
1302424,K13,medium,medium,dorm,3,4,2,5,2,2,0.5,8,7,1,HK162,False,29,False,119.0,1.8865546218487395,False,0,,,not_graduated,not_graduated,False,none,,,3
1302561,K13,medium,medium,with_family,5,2,3,2,4,3,0.625,8,6,2,HK162,False,7,False,97.0,3.314432989690722,False,0,,,not_graduated,not_graduated,False,none,,,8
1302698,K13,medium,medium,with_family,3,3,3,4,4,2,0.6562,8,7,1,HK162,True,10,False,114.0,3.232456140350877,False,0,,,not_graduated,not_graduated,False,none,,,7
1303153,K13,medium,low,with_family,2,5,2,3,3,4,0.5625,8,8,0,HK162,True,14,True,139.0,2.41726618705036,False,0,,,not_graduated,not_graduated,False,none,,,0
1303290,K13,medium,high,dorm,5,2,3,3,4,4,0.6562,8,8,0,HK162,True,15,True,134.0,3.220149253731343,False,0,,,not_graduated,not_graduated,False,none,,,4
1303427,K13,medium,high,rental,5,4,2,1,3,3,0.5625,8,7,1,HK162,False,13,False,119.0,2.6176470588235294,False,0,,,not_graduated,not_graduated,False,none,,,3
1303745,K13,high,medium,dorm,1,5,3,3,5,4,0.75,8,7,1,HK162,True,13,True,114.0,3.8903508771929824,False,0,,,not_graduated,not_graduated,False,none,,,7
1303882,K13,medium,high,with_family,4,4,4,5,4,4,0.7188,8,7,1,HK162,False,18,False,119.0,3.365546218487395,False,0,,,not_graduated,not_graduated,False,none,,,3
1304019,K13,low,high,dorm,3,5,3,3,5,4,0.8125,5,5,0,HK151,True,13,True,79.0,3.9746835443037973,False,0,,,not_graduated,not_graduated,True,voluntary,background,HK151,12
1304156,K13,high,low,dorm,1,5,3,4,1,2,0.2812,8,5,3,HK162,True,8,False,39.0,1.0,False,2,HK141;HK162,,not_graduated,not_graduated,False,none,,,21
1304474,K13,low,medium,dorm,3,5,4,4,2,3,0.4375,8,7,1,HK162,True,12,True,119.0,1.8361344537815125,False,0,,,not_graduated,not_graduated,False,none,,,3
1304611,K13,low,medium,rental,3,5,4,3,5,5,0.7812,8,8,0,HK162,True,19,True,134.0,3.9888059701492535,False,0,,,not_graduated,not_graduated,False,none,,,4
1304748,K13,medium,medium,rental,4,5,3,5,4,4,0.7812,8,8,0,HK162,True,30,True,134.0,3.3843283582089554,False,0,,,not_graduated,not_graduated,False,none,,,4
1304885,K13,medium,medium,rental,4,2,3,3,3,2,0.5,8,6,2,HK162,False,15,False,102.0,2.2745098039215685,False,0,,,not_graduated,not_graduated,False,none,,,4
1305203,K13,low,medium,dorm,3,2,1,2,3,3,0.5,8,6,2,HK162,True,7,False,102.0,2.3823529411764706,False,0,,,not_graduated,not_graduated,False,none,,,4
1305340,K13,low,medium,with_family,3,3,2,4,4,4,0.6875,8,7,1,HK162,False,9,False,114.0,3.2719298245614037,False,0,,,not_graduated,not_graduated,False,none,,,7
1305477,K13,high,high,with_family,5,4,2,3,3,3,0.625,8,8,0,HK162,True,17,True,139.0,2.7482014388489207,True,0,,HK162,on_time,fairly_good,False,none,,,0
1305932,K13,low,low,with_family,2,5,3,4,4,4,0.6875,8,7,1,HK162,False,12,False,119.0,3.2478991596638656,False,0,,,not_graduated,not_graduated,False,none,,,3
1306069,K13,medium,medium,with_family,4,4,2,1,4,4,0.6562,8,7,1,HK162,True,15,True,119.0,3.4285714285714284,False,0,,,not_graduated,not_graduated,False,none,,,3
1306206,K13,medium,low,dorm,2,3,4,2,3,1,0.4062,8,6,2,HK162,False,15,False,102.0,2.1029411764705883,False,0,,,not_graduated,not_graduated,False,none,,,4
1306661,K13,medium,medium,rental,5,3,4,3,4,4,0.6562,8,7,1,HK162,True,14,True,114.0,3.3640350877192984,False,0,,,not_graduated,not_graduated,False,none,,,7
1306798,K13,low,medium,dorm,3,2,4,4,4,3,0.5938,8,6,2,HK162,False,13,False,102.0,3.0294117647058822,False,0,,,not_graduated,not_graduated,False,none,,,4
1306935,K13,low,high,rental,2,4,4,4,3,4,0.5,8,7,1,HK162,False,16,False,119.0,2.264705882352941,False,0,,,not_graduated,not_graduated,False,none,,,3
1307253,K13,high,low,rental,4,4,4,1,4,4,0.5938,8,6,2,HK162,False,13,False,97.0,3.211340206185567,False,0,,,not_graduated,not_graduated,False,none,,,8
1307390,K13,medium,medium,with_family,4,2,3,4,4,3,0.6562,8,8,0,HK162,True,16,True,139.0,3.158273381294964,True,0,,HK162,on_time,fairly_good,False,none,,,0
1307527,K13,medium,low,dorm,4,3,3,1,4,5,0.5938,8,6,2,HK162,False,7,False,102.0,3.406862745098039,False,0,,,not_graduated,not_graduated,False,none,,,4
1307664,K13,medium,medium,with_family,2,4,2,5,3,2,0.5938,8,6,2,HK162,True,11,False,102.0,2.4950980392156863,False,0,,,not_graduated,not_graduated,False,none,,,4
1307982,K13,low,medium,with_family,2,2,4,4,4,4,0.5625,8,8,0,HK162,True,8,False,131.0,2.950381679389313,False,0,,,not_graduated,not_graduated,False,none,,,6
1308119,K13,medium,medium,with_family,5,4,4,3,4,3,0.6875,8,8,0,HK162,True,16,True,134.0,3.3134328358208953,False,0,,,not_graduated,not_graduated,False,none,,,4
1308256,K13,low,medium,dorm,4,5,5,3,3,2,0.5312,8,7,1,HK162,False,17,False,119.0,2.53781512605042,False,0,,,not_graduated,not_graduated,False,none,,,3
1308393,K13,medium,high,with_family,3,2,2,1,5,5,0.6875,8,7,1,HK162,True,13,True,114.0,3.8728070175438596,False,0,,,not_graduated,not_graduated,False,none,,,7
1308711,K13,high,medium,dorm,5,4,3,2,4,4,0.6875,8,7,1,HK162,True,13,True,119.0,3.508403361344538,False,0,,,not_graduated,not_graduated,False,none,,,3
1308848,K13,medium,low,with_family,1,4,4,1,4,5,0.5,8,7,1,HK162,False,6,False,114.0,3.1096491228070176,False,0,,,not_graduated,not_graduated,False,none,,,7
1308985,K13,high,medium,with_family,3,4,5,1,4,3,0.5312,8,7,1,HK162,True,9,False,119.0,3.03781512605042,False,0,,,not_graduated,not_graduated,False,none,,,3
1309440,K13,medium,low,dorm,3,2,3,3,3,2,0.4688,8,6,2,HK162,True,10,False,102.0,2.323529411764706,False,0,,,not_graduated,not_graduated,False,none,,,4
1309577,K13,high,low,dorm,3,5,4,2,3,3,0.5,8,8,0,HK162,True,20,True,139.0,2.3884892086330933,True,0,,HK162,on_time,average,False,none,,,0
1309714,K13,high,medium,dorm,1,3,3,1,4,3,0.5,8,6,2,HK162,True,11,False,102.0,3.014705882352941,False,0,,,not_graduated,not_graduated,False,none,,,4
1310032,K13,low,medium,with_family,2,3,4,1,4,5,0.5,8,7,1,HK162,True,7,False,119.0,2.8529411764705883,False,0,,,not_graduated,not_graduated,False,none,,,3
1310169,K13,low,medium,with_family,5,5,3,2,3,4,0.5938,8,6,2,HK162,True,13,True,102.0,2.75,False,0,,,not_graduated,not_graduated,False,none,,,4
1310306,K13,low,low,dorm,4,4,3,4,5,5,0.8438,8,8,0,HK162,True,25,True,134.0,3.970149253731343,False,0,,,not_graduated,not_graduated,False,none,,,4
1310443,K13,low,medium,with_family,3,5,3,4,5,5,0.8438,8,8,0,HK162,True,22,True,134.0,3.9440298507462686,False,0,,,not_graduated,not_graduated,False,none,,,4
1310761,K13,medium,medium,with_family,2,3,2,5,5,4,0.8125,8,6,2,HK162,True,10,False,97.0,3.8969072164948453,False,0,,,not_graduated,not_graduated,False,none,,,8
1310898,K13,medium,low,dorm,4,2,3,4,3,3,0.5312,8,8,0,HK162,True,16,True,139.0,2.406474820143885,True,0,,HK162,on_time,average,False,none,,,0
1311035,K13,low,medium,with_family,4,4,4,4,4,4,0.6875,8,8,0,HK162,True,20,True,134.0,3.3582089552238807,False,0,,,not_graduated,not_graduated,False,none,,,4
1311172,K13,medium,medium,rental,3,4,3,4,2,2,0.4375,8,6,2,HK162,False,25,False,102.0,1.75,False,0,,,not_graduated,not_graduated,False,none,,,4
1311490,K13,medium,medium,with_family,3,3,2,2,5,5,0.75,8,7,1,HK162,True,16,True,114.0,3.9035087719298245,False,0,,,not_graduated,not_graduated,False,none,,,7
1311627,K13,medium,low,dorm,3,3,3,4,3,3,0.5312,8,6,2,HK162,True,11,False,102.0,2.269607843137255,False,0,,,not_graduated,not_graduated,False,none,,,4
1311764,K13,medium,medium,dorm,4,2,3,1,2,1,0.3125,8,6,2,HK162,False,11,False,102.0,1.6323529411764706,False,0,,,not_graduated,not_graduated,False,none,,,4
1311901,K13,high,low,with_family,3,4,3,2,3,4,0.5,8,6,2,HK162,True,12,True,102.0,2.4411764705882355,False,0,,,not_graduated,not_graduated,False,none,,,4
1312219,K13,medium,high,with_family,4,2,2,2,5,5,0.75,8,8,0,HK162,True,15,True,146.0,3.9280821917808217,False,0,,,not_graduated,not_graduated,False,none,,,4
1312356,K13,low,medium,dorm,5,3,2,2,3,3,0.5625,8,8,0,HK162,True,19,True,139.0,2.726618705035971,True,0,,HK162,on_time,fairly_good,False,none,,,0
1312493,K13,low,medium,with_family,3,4,5,5,4,5,0.6562,8,8,0,HK162,True,18,True,134.0,3.1455223880597014,False,0,,,not_graduated,not_graduated,False,none,,,4
1312948,K13,medium,medium,with_family,4,5,4,2,3,3,0.5312,8,6,2,HK162,False,14,False,102.0,2.593137254901961,False,0,,,not_graduated,not_graduated,False,none,,,4
1313085,K13,low,low,with_family,4,2,5,4,3,4,0.4688,8,7,1,HK162,True,6,False,119.0,2.2142857142857144,False,0,,,not_graduated,not_graduated,False,none,,,3
1313222,K13,medium,medium,with_family,3,4,3,4,4,5,0.6875,8,7,1,HK162,True,13,True,119.0,3.3487394957983194,False,0,,,not_graduated,not_graduated,False,none,,,3
1313540,K13,low,high,with_family,5,3,3,3,2,2,0.4375,8,6,2,HK162,False,22,False,102.0,1.8333333333333333,False,0,,,not_graduated,not_graduated,False,none,,,4
1313677,K13,high,medium,with_family,3,3,4,3,4,5,0.5938,8,7,1,HK162,True,14,True,119.0,3.1092436974789917,False,0,,,not_graduated,not_graduated,False,none,,,3
1313814,K13,medium,medium,with_family,3,1,2,1,4,3,0.5312,8,7,1,HK162,False,7,False,119.0,3.088235294117647,False,0,,,not_graduated,not_graduated,False,none,,,3
1313951,K13,medium,medium,rental,4,3,3,5,4,3,0.7188,8,8,0,HK162,True,16,True,134.0,3.332089552238806,False,0,,,not_graduated,not_graduated,False,none,,,4
1314269,K13,medium,medium,dorm,3,4,4,3,5,4,0.75,8,7,1,HK162,True,12,True,114.0,3.837719298245614,False,0,,,not_graduated,not_graduated,False,none,,,7
1314406,K13,medium,low,dorm,3,4,2,2,3,4,0.5312,8,6,2,HK162,False,17,False,102.0,2.4901960784313726,False,0,,,not_graduated,not_graduated,False,none,,,4
1314543,K13,medium,high,with_family,3,3,3,4,2,2,0.4062,8,6,2,HK162,False,12,False,97.0,1.5309278350515463,False,0,,,not_graduated,not_graduated,False,none,,,8
1314680,K13,medium,medium,with_family,4,3,3,4,4,3,0.6875,8,7,1,HK162,False,16,False,119.0,3.172268907563025,False,0,,,not_graduated,not_graduated,False,none,,,3
1314998,K13,medium,medium,dorm,4,2,3,5,3,2,0.5625,8,6,2,HK162,False,10,False,102.0,2.264705882352941,False,0,,,not_graduated,not_graduated,False,none,,,4
1315135,K13,high,low,with_family,3,5,3,3,4,4,0.6875,8,8,0,HK162,True,19,True,134.0,3.466417910447761,False,0,,,not_graduated,not_graduated,False,none,,,4
1315272,K13,low,medium,with_family,2,5,5,4,3,3,0.5,8,7,1,HK162,True,17,True,119.0,2.2815126050420167,False,0,,,not_graduated,not_graduated,False,none,,,3
1315727,K13,medium,low,dorm,3,5,5,2,3,3,0.4688,8,8,0,HK162,True,16,True,139.0,2.3884892086330933,True,0,,HK162,on_time,average,False,none,,,0
1315864,K13,high,high,rental,2,3,3,4,3,3,0.5,8,7,1,HK162,False,14,False,119.0,2.2142857142857144,False,0,,,not_graduated,not_graduated,False,none,,,3
1316001,K13,low,medium,rental,3,3,3,2,4,3,0.5938,8,6,2,HK162,False,10,False,97.0,3.2371134020618557,False,0,,,not_graduated,not_graduated,False,none,,,8
1316319,K13,medium,low,rental,3,3,4,3,3,2,0.4688,8,7,1,HK162,True,9,False,119.0,2.3151260504201683,False,0,,,not_graduated,not_graduated,False,none,,,3
1316456,K13,high,medium,dorm,4,3,5,4,2,2,0.375,8,6,2,HK162,False,10,False,98.0,1.566326530612245,False,0,,,not_graduated,not_graduated,False,none,,,6
1316593,K13,high,high,rental,4,2,2,4,3,1,0.5625,8,8,0,HK162,False,21,False,136.0,2.375,False,0,,,not_graduated,not_graduated,False,none,,,2
1316730,K13,medium,medium,rental,4,3,4,3,5,5,0.75,8,7,1,HK162,True,14,True,114.0,3.9166666666666665,False,0,,,not_graduated,not_graduated,False,none,,,7
1317048,K13,low,medium,dorm,2,4,4,4,3,3,0.5,8,7,1,HK162,True,10,False,119.0,2.319327731092437,False,0,,,not_graduated,not_graduated,False,none,,,3
1317185,K13,medium,medium,with_family,4,3,4,5,3,3,0.5625,8,8,0,HK162,True,17,True,139.0,2.41726618705036,True,0,,HK162,on_time,average,False,none,,,0
1317322,K13,low,medium,dorm,3,3,1,5,3,4,0.625,8,8,0,HK162,True,21,True,139.0,2.568345323741007,True,0,,HK162,on_time,fairly_good,False,none,,,0
1317459,K13,medium,low,with_family,4,4,4,5,4,4,0.7188,8,8,0,HK162,True,25,True,134.0,3.235074626865672,False,0,,,not_graduated,not_graduated,False,none,,,4
1317777,K13,low,high,rental,1,2,3,1,4,5,0.4688,8,7,1,HK162,False,9,False,114.0,2.8991228070175437,False,0,,,not_graduated,not_graduated,False,none,,,7
1317914,K13,medium,low,dorm,4,5,4,3,3,2,0.5625,8,7,1,HK162,True,15,True,119.0,2.542016806722689,False,0,,,not_graduated,not_graduated,False,none,,,3
1318051,K13,medium,low,rental,1,4,3,2,4,4,0.5625,8,6,2,HK162,False,12,False,102.0,3.0245098039215685,False,0,,,not_graduated,not_graduated,False,none,,,4
1318188,K13,medium,medium,with_family,4,4,5,3,3,3,0.5,8,6,2,HK162,True,10,False,102.0,2.392156862745098,False,0,,,not_graduated,not_graduated,False,none,,,4
1318506,K13,high,low,dorm,5,5,4,4,2,1,0.5,8,6,2,HK162,True,12,True,102.0,1.8774509803921569,False,0,,,not_graduated,not_graduated,False,none,,,4
1318643,K13,medium,medium,dorm,3,5,2,4,3,3,0.625,8,8,0,HK162,True,23,True,139.0,2.528776978417266,True,0,,HK162,on_time,fairly_good,False,none,,,0
1318780,K13,high,medium,dorm,2,4,3,4,4,4,0.6562,8,8,0,HK162,True,15,True,134.0,3.175373134328358,False,0,,,not_graduated,not_graduated,False,none,,,4
1319235,K13,low,low,dorm,2,4,4,5,5,5,0.7812,8,7,1,HK162,True,13,True,114.0,3.8464912280701755,False,0,,,not_graduated,not_graduated,False,none,,,7
1319372,K13,low,medium,rental,2,3,2,3,4,4,0.625,3,3,0,HK141,False,16,False,43.0,3.0930232558139537,False,0,,,not_graduated,not_graduated,True,voluntary,background,HK141,21
1319509,K13,medium,high,rental,1,3,4,5,5,5,0.7188,1,1,0,HK131,False,13,False,14.0,3.857142857142857,False,0,,,not_graduated,not_graduated,True,voluntary,background,HK131,32
1319827,K13,medium,low,dorm,3,5,4,2,3,2,0.5,8,6,2,HK162,False,17,False,102.0,2.3137254901960786,False,0,,,not_graduated,not_graduated,False,none,,,4
1319964,K13,medium,high,with_family,4,3,4,3,4,4,0.625,8,6,2,HK162,False,16,False,97.0,3.0412371134020617,False,0,,,not_graduated,not_graduated,False,none,,,8
1320101,K13,high,high,rental,4,2,3,4,4,5,0.6562,8,6,2,HK162,True,11,False,97.0,3.0721649484536084,False,0,,,not_graduated,not_graduated,False,none,,,8
1320238,K13,medium,medium,rental,4,4,4,5,3,2,0.5938,8,6,2,HK162,False,15,False,102.0,2.4901960784313726,False,0,,,not_graduated,not_graduated,False,none,,,4
1320556,K13,medium,medium,dorm,3,4,4,1,3,4,0.4375,8,6,2,HK162,True,3,False,97.0,2.2010309278350517,False,0,,,not_graduated,not_graduated,False,none,,,8
1320693,K13,low,medium,with_family,4,3,1,3,3,3,0.5938,8,8,0,HK162,True,22,True,139.0,2.5215827338129495,True,0,,HK162,on_time,fairly_good,False,none,,,0
1320830,K13,medium,low,rental,4,5,5,3,4,5,0.6562,8,8,0,HK162,True,19,True,134.0,3.2761194029850746,False,0,,,not_graduated,not_graduated,False,none,,,4
1320967,K13,low,low,rental,3,1,4,2,2,2,0.25,8,6,2,HK162,True,1,False,96.0,1.359375,False,0,,,not_graduated,not_graduated,False,none,,,4
1321285,K13,low,medium,rental,5,1,4,4,4,3,0.625,2,2,0,HK132,True,11,False,33.0,3.484848484848485,False,0,,,not_graduated,not_graduated,True,voluntary,background,HK132,23
1321422,K13,low,high,dorm,1,4,3,2,4,3,0.5625,8,7,1,HK162,True,14,True,114.0,3.0789473684210527,False,0,,,not_graduated,not_graduated,False,none,,,7
1321559,K13,low,medium,rental,5,2,4,1,3,3,0.4375,8,6,2,HK162,True,11,False,102.0,2.5049019607843137,False,0,,,not_graduated,not_graduated,False,none,,,4
1322014,K13,medium,medium,with_family,3,4,3,2,3,2,0.5,8,6,2,HK162,False,7,False,102.0,2.514705882352941,False,0,,,not_graduated,not_graduated,False,none,,,4
1322151,K13,medium,high,with_family,3,4,4,2,3,2,0.4688,8,8,0,HK162,True,15,True,139.0,2.338129496402878,True,0,,HK162,on_time,average,False,none,,,0
1322288,K13,medium,medium,with_family,4,1,4,2,3,3,0.4062,8,6,2,HK162,False,7,False,102.0,2.1862745098039214,False,0,,,not_graduated,not_graduated,False,none,,,4
1322743,K13,medium,medium,rental,4,3,3,2,3,2,0.5,8,6,2,HK162,False,18,False,102.0,2.3333333333333335,False,0,,,not_graduated,not_graduated,False,none,,,4
1322880,K13,low,medium,rental,3,4,1,4,2,3,0.5,8,7,1,HK162,False,15,False,119.0,1.9327731092436975,False,0,,,not_graduated,not_graduated,False,none,,,3
1323017,K13,high,medium,dorm,3,3,4,4,3,4,0.5,8,6,2,HK162,False,9,False,102.0,2.4215686274509802,False,0,,,not_graduated,not_graduated,False,none,,,4
1323335,K13,medium,medium,rental,3,4,1,2,1,1,0.3125,8,7,1,HK162,True,17,True,74.0,1.0472972972972974,False,1,HK141,,not_graduated,not_graduated,False,none,,,15
1323472,K13,low,medium,with_family,4,3,4,5,3,3,0.5625,8,8,0,HK162,True,16,True,139.0,2.514388489208633,True,0,,HK162,on_time,fairly_good,False,none,,,0
1323609,K13,medium,low,with_family,3,4,3,3,5,5,0.7812,8,8,0,HK162,True,18,True,134.0,3.8694029850746268,False,0,,,not_graduated,not_graduated,False,none,,,4
1323746,K13,medium,medium,dorm,3,3,4,2,3,4,0.4375,8,6,2,HK162,False,14,False,97.0,2.3969072164948453,False,0,,,not_graduated,not_graduated,False,none,,,8
1324064,K13,medium,medium,dorm,3,3,2,3,3,3,0.5312,8,8,0,HK162,True,16,True,139.0,2.5035971223021583,True,0,,HK162,on_time,fairly_good,False,none,,,0
1324201,K13,medium,low,with_family,4,4,3,4,3,3,0.5938,8,8,0,HK162,True,21,True,139.0,2.3956834532374103,True,0,,HK162,on_time,average,False,none,,,0
1324338,K13,high,medium,dorm,2,4,4,5,3,2,0.5312,8,7,1,HK162,True,14,True,114.0,2.223684210526316,False,0,,,not_graduated,not_graduated,False,none,,,7
1324475,K13,medium,high,rental,3,4,3,4,3,2,0.5625,8,6,2,HK162,False,16,False,102.0,2.3676470588235294,False,0,,,not_graduated,not_graduated,False,none,,,4
1324793,K13,high,medium,with_family,4,4,3,3,5,5,0.8125,8,8,0,HK162,True,15,True,146.0,3.9486301369863015,False,0,,,not_graduated,not_graduated,False,none,,,4
1324930,K13,high,medium,with_family,2,3,4,4,1,1,0.2188,8,6,2,HK162,True,15,True,40.0,1.0,False,2,HK151;HK162,,not_graduated,not_graduated,False,none,,,22
1325067,K13,low,medium,with_family,5,5,3,3,3,4,0.625,8,7,1,HK162,False,22,False,119.0,2.773109243697479,False,0,,,not_graduated,not_graduated,False,none,,,3
1325522,K13,high,low,rental,1,3,4,5,3,3,0.4688,8,7,1,HK162,True,7,False,114.0,2.25,False,0,,,not_graduated,not_graduated,False,none,,,7
1325659,K13,medium,medium,rental,3,3,4,4,4,3,0.625,8,8,0,HK162,False,14,False,131.0,3.0839694656488548,False,0,,,not_graduated,not_graduated,False,none,,,6
1325796,K13,low,high,with_family,4,4,3,4,4,4,0.7188,8,6,2,HK162,False,13,False,102.0,3.2450980392156863,False,0,,,not_graduated,not_graduated,False,none,,,4
1326114,K13,high,low,dorm,3,4,4,2,3,3,0.4688,8,8,0,HK162,True,13,True,131.0,2.3587786259541983,False,0,,,not_graduated,not_graduated,False,none,,,6
1326251,K13,medium,low,with_family,5,5,4,4,3,2,0.625,8,8,0,HK162,True,20,True,136.0,2.6029411764705883,False,0,,,not_graduated,not_graduated,False,none,,,2
1326388,K13,high,medium,dorm,3,2,3,3,5,5,0.7188,8,8,0,HK162,True,16,True,134.0,3.83955223880597,False,0,,,not_graduated,not_graduated,False,none,,,4
1326525,K13,medium,low,rental,3,4,4,3,5,5,0.75,8,7,1,HK162,True,12,True,129.0,3.9263565891472867,False,0,,,not_graduated,not_graduated,False,none,,,7
1326843,K13,medium,high,with_family,3,2,3,3,3,3,0.4688,8,7,1,HK162,True,9,False,119.0,2.2478991596638656,False,0,,,not_graduated,not_graduated,False,none,,,3
1326980,K13,medium,low,with_family,5,5,4,3,3,4,0.5938,8,6,2,HK162,True,13,True,102.0,2.588235294117647,False,0,,,not_graduated,not_graduated,False,none,,,4
1327117,K13,medium,low,dorm,4,5,3,3,3,3,0.5938,8,6,2,HK162,False,18,False,97.0,2.8092783505154637,False,0,,,not_graduated,not_graduated,False,none,,,8
1327254,K13,low,medium,dorm,3,2,2,4,3,4,0.5312,8,7,1,HK162,True,10,False,119.0,2.2899159663865545,False,0,,,not_graduated,not_graduated,False,none,,,3
1327572,K13,medium,medium,rental,1,4,3,2,4,4,0.5625,8,6,2,HK162,True,10,False,97.0,3.0412371134020617,False,0,,,not_graduated,not_graduated,False,none,,,8
1327709,K13,low,medium,dorm,5,3,3,2,3,4,0.5312,8,6,2,HK162,False,10,False,102.0,2.485294117647059,False,0,,,not_graduated,not_graduated,False,none,,,4
1327846,K13,medium,high,dorm,3,3,3,4,3,3,0.5312,8,6,2,HK162,False,13,False,97.0,2.4742268041237114,False,0,,,not_graduated,not_graduated,False,none,,,8
1327983,K13,medium,medium,rental,3,3,4,3,4,4,0.5938,8,6,2,HK162,True,10,False,97.0,3.1804123711340204,False,0,,,not_graduated,not_graduated,False,none,,,8
1328301,K13,high,medium,with_family,2,4,5,4,2,1,0.3438,8,6,2,HK162,False,14,False,93.0,1.543010752688172,False,0,,,not_graduated,not_graduated,False,none,,,7
1328438,K13,low,medium,with_family,2,3,3,4,4,4,0.625,8,6,2,HK162,False,15,False,102.0,2.9313725490196076,False,0,,,not_graduated,not_graduated,False,none,,,4
1328575,K13,low,medium,with_family,3,5,4,1,3,3,0.4688,8,7,1,HK162,False,18,False,114.0,2.513157894736842,False,0,,,not_graduated,not_graduated,False,none,,,7
1329030,K13,medium,medium,with_family,1,2,2,4,3,4,0.4688,8,7,1,HK162,False,11,False,119.0,2.180672268907563,False,0,,,not_graduated,not_graduated,False,none,,,3
1329167,K13,medium,high,rental,3,4,3,4,5,5,0.8125,8,7,1,HK162,True,15,True,129.0,3.949612403100775,False,0,,,not_graduated,not_graduated,False,none,,,7
1329304,K13,medium,medium,with_family,3,3,3,1,4,5,0.5625,8,7,1,HK162,False,13,False,114.0,3.223684210526316,False,0,,,not_graduated,not_graduated,False,none,,,7
1329622,K13,high,medium,with_family,4,3,4,2,2,2,0.3438,8,8,0,HK162,True,14,True,139.0,1.79136690647482,False,0,,,not_graduated,not_graduated,False,none,,,0
1329759,K13,low,medium,rental,4,5,3,4,3,2,0.625,8,8,0,HK162,True,18,True,139.0,2.579136690647482,True,0,,HK162,on_time,fairly_good,False,none,,,0
1329896,K13,medium,high,rental,2,4,4,1,5,5,0.6562,2,2,0,HK132,True,9,False,29.0,3.8275862068965516,False,0,,,not_graduated,not_graduated,True,voluntary,background,HK132,25
1330033,K13,high,medium,with_family,3,4,5,3,3,4,0.4688,8,8,0,HK162,True,15,True,139.0,2.3920863309352516,True,0,,HK162,on_time,average,False,none,,,0
1330351,K13,low,medium,rental,4,3,2,3,4,3,0.6875,7,7,0,HK161,False,26,False,114.0,3.2719298245614037,False,0,,,not_graduated,not_graduated,True,voluntary,background,HK161,7
1330488,K13,medium,low,with_family,3,4,4,5,4,4,0.6875,8,6,2,HK162,False,13,False,97.0,3.2216494845360826,False,0,,,not_graduated,not_graduated,False,none,,,8
1330625,K13,medium,medium,with_family,2,3,2,5,3,2,0.5625,8,7,1,HK162,True,9,False,119.0,2.302521008403361,False,0,,,not_graduated,not_graduated,False,none,,,3
1330762,K13,low,medium,rental,3,3,3,5,4,5,0.6875,8,7,1,HK162,False,15,False,114.0,3.087719298245614,False,0,,,not_graduated,not_graduated,False,none,,,7
1331080,K13,low,medium,dorm,2,4,3,5,4,4,0.6875,8,7,1,HK162,False,22,False,114.0,3.280701754385965,False,0,,,not_graduated,not_graduated,False,none,,,7
1331217,K13,medium,low,dorm,3,5,3,2,2,2,0.4062,8,6,2,HK162,False,17,False,102.0,1.7254901960784315,False,0,,,not_graduated,not_graduated,False,none,,,4
1331354,K13,high,medium,with_family,5,4,5,4,3,3,0.5625,8,8,0,HK162,True,15,True,139.0,2.320143884892086,True,0,,HK162,on_time,average,False,none,,,0
1331809,K13,low,medium,dorm,3,3,3,3,3,3,0.5,8,7,1,HK162,False,7,False,119.0,2.3445378151260505,False,0,,,not_graduated,not_graduated,False,none,,,3
1331946,K13,low,medium,dorm,5,3,4,4,4,5,0.6875,8,8,0,HK162,True,16,True,134.0,3.3208955223880596,False,0,,,not_graduated,not_graduated,False,none,,,4
1332083,K13,medium,high,rental,4,2,3,3,4,3,0.625,8,8,0,HK162,True,15,True,134.0,3.1455223880597014,False,0,,,not_graduated,not_graduated,False,none,,,4
1332538,K13,low,high,dorm,3,5,3,1,4,4,0.625,8,6,2,HK162,False,15,False,97.0,3.3917525773195876,False,0,,,not_graduated,not_graduated,False,none,,,8
1332675,K13,medium,medium,rental,3,3,2,4,4,5,0.6875,8,8,0,HK162,True,15,True,134.0,3.2574626865671643,False,0,,,not_graduated,not_graduated,False,none,,,4
1332812,K13,medium,medium,dorm,4,2,4,5,2,1,0.4062,8,6,2,HK162,False,16,False,93.0,1.5591397849462365,False,0,,,not_graduated,not_graduated,False,none,,,7
1333130,K13,low,high,with_family,5,3,4,3,4,4,0.6562,8,6,2,HK162,True,11,False,97.0,3.216494845360825,False,0,,,not_graduated,not_graduated,False,none,,,8
1333267,K13,medium,high,dorm,1,4,4,5,2,2,0.375,8,6,2,HK162,False,9,False,93.0,1.4086021505376345,False,0,,,not_graduated,not_graduated,False,none,,,5
1333404,K13,medium,medium,dorm,3,3,5,1,3,4,0.375,8,6,2,HK162,True,6,False,102.0,2.3529411764705883,False,0,,,not_graduated,not_graduated,False,none,,,4
1333541,K13,medium,low,rental,4,4,5,4,3,4,0.5312,8,7,1,HK162,False,18,False,119.0,2.3361344537815127,False,0,,,not_graduated,not_graduated,False,none,,,3
1333859,K13,medium,high,rental,4,4,3,3,3,2,0.5625,2,2,0,HK132,False,11,False,33.0,2.3333333333333335,False,0,,,not_graduated,not_graduated,True,voluntary,background,HK132,23
1333996,K13,high,low,with_family,3,4,5,2,5,5,0.6875,8,7,1,HK162,True,14,True,114.0,3.8640350877192984,False,0,,,not_graduated,not_graduated,False,none,,,7
1334133,K13,high,medium,with_family,4,2,4,4,5,5,0.75,8,8,0,HK162,True,15,True,134.0,3.888059701492537,False,0,,,not_graduated,not_graduated,False,none,,,4
1334270,K13,medium,medium,rental,5,3,2,4,3,4,0.625,8,8,0,HK162,True,20,True,139.0,2.679856115107914,True,0,,HK162,on_time,fairly_good,False,none,,,0
1334588,K13,medium,high,with_family,5,3,3,4,3,4,0.5938,8,8,0,HK162,True,26,True,139.0,2.5611510791366907,True,0,,HK162,on_time,fairly_good,False,none,,,0
1334725,K13,high,medium,dorm,5,2,2,4,5,5,0.8438,8,6,2,HK162,True,14,True,109.0,3.981651376146789,False,0,,,not_graduated,not_graduated,False,none,,,8
1334862,K13,medium,medium,rental,3,4,4,3,4,4,0.625,8,6,2,HK162,False,16,False,97.0,3.1443298969072164,False,0,,,not_graduated,not_graduated,False,none,,,8
1335317,K13,low,medium,with_family,3,5,4,3,3,2,0.5312,8,6,2,HK162,True,10,False,102.0,2.2941176470588234,False,0,,,not_graduated,not_graduated,False,none,,,4
1335454,K13,high,medium,rental,4,4,2,4,4,5,0.75,8,6,2,HK162,False,17,False,97.0,3.38659793814433,False,0,,,not_graduated,not_graduated,False,none,,,8
1335591,K13,high,medium,with_family,4,2,2,4,3,3,0.5625,8,6,2,HK162,False,12,False,102.0,2.406862745098039,False,0,,,not_graduated,not_graduated,False,none,,,4
1335909,K13,low,medium,with_family,2,3,3,3,3,5,0.4688,8,6,2,HK162,False,17,False,102.0,2.3627450980392157,False,0,,,not_graduated,not_graduated,False,none,,,4
1336046,K13,low,low,rental,3,2,5,5,5,5,0.7188,8,6,2,HK162,False,9,False,109.0,3.8256880733944953,False,0,,,not_graduated,not_graduated,False,none,,,8
1336183,K13,low,medium,dorm,5,5,1,1,3,4,0.625,8,6,2,HK162,True,12,True,102.0,2.8529411764705883,False,0,,,not_graduated,not_graduated,False,none,,,4
1336320,K13,low,medium,rental,3,2,3,2,3,3,0.4375,8,7,1,HK162,True,8,False,119.0,2.235294117647059,False,0,,,not_graduated,not_graduated,False,none,,,3
1336638,K13,medium,low,with_family,4,3,2,3,4,5,0.6875,8,7,1,HK162,False,16,False,119.0,3.331932773109244,False,0,,,not_graduated,not_graduated,False,none,,,3
1336775,K13,low,medium,with_family,4,4,3,3,3,4,0.5625,8,7,1,HK162,True,15,True,114.0,2.491228070175439,False,0,,,not_graduated,not_graduated,False,none,,,7
1336912,K13,low,medium,dorm,2,3,2,2,3,3,0.4688,8,6,2,HK162,False,11,False,102.0,2.1666666666666665,False,0,,,not_graduated,not_graduated,False,none,,,4
1337049,K13,medium,medium,dorm,3,4,4,3,4,5,0.625,8,8,0,HK162,True,22,True,134.0,3.1007462686567164,False,0,,,not_graduated,not_graduated,False,none,,,4
1337367,K13,medium,medium,with_family,2,3,4,4,2,2,0.3438,8,6,2,HK162,True,5,False,95.0,1.4894736842105263,False,0,,,not_graduated,not_graduated,False,none,,,6
1337504,K13,medium,medium,dorm,4,5,3,4,2,4,0.5,8,7,1,HK162,False,25,False,119.0,1.9831932773109244,False,0,,,not_graduated,not_graduated,False,none,,,3
1337641,K13,medium,high,dorm,3,4,2,3,4,5,0.6875,8,8,0,HK162,True,21,True,134.0,3.3656716417910446,False,0,,,not_graduated,not_graduated,False,none,,,4
1337778,K13,medium,medium,with_family,5,4,4,2,2,3,0.4062,8,6,2,HK162,True,9,False,102.0,1.7941176470588236,False,0,,,not_graduated,not_graduated,False,none,,,4
1338096,K13,low,low,with_family,5,3,5,4,3,3,0.5312,8,7,1,HK162,True,15,True,119.0,2.5126050420168067,False,0,,,not_graduated,not_graduated,False,none,,,3
1338233,K13,high,high,dorm,3,4,4,3,3,2,0.5,8,6,2,HK162,True,12,True,102.0,2.284313725490196,False,0,,,not_graduated,not_graduated,False,none,,,4
1338370,K13,medium,low,dorm,2,3,4,4,5,4,0.7188,8,6,2,HK162,True,9,False,109.0,3.8394495412844036,False,0,,,not_graduated,not_graduated,False,none,,,8
1338825,K13,high,medium,rental,5,4,4,3,4,5,0.6875,8,6,2,HK162,False,21,False,97.0,3.3092783505154637,False,0,,,not_graduated,not_graduated,False,none,,,8
1338962,K13,low,medium,dorm,3,3,3,3,3,3,0.5,8,7,1,HK162,False,16,False,119.0,2.4243697478991595,False,0,,,not_graduated,not_graduated,False,none,,,3
1339099,K13,medium,low,with_family,1,4,4,2,4,4,0.5312,8,6,2,HK162,True,10,False,97.0,2.917525773195876,False,0,,,not_graduated,not_graduated,False,none,,,8
1339417,K13,high,medium,rental,4,3,1,2,3,4,0.5625,8,8,0,HK162,True,19,True,134.0,2.58955223880597,False,0,,,not_graduated,not_graduated,False,none,,,4
1339554,K13,medium,low,rental,3,4,2,2,4,4,0.6562,8,6,2,HK162,False,12,False,97.0,3.4123711340206184,False,0,,,not_graduated,not_graduated,False,none,,,8
1339691,K13,medium,medium,with_family,2,3,1,4,4,3,0.6875,8,7,1,HK162,True,9,False,114.0,3.263157894736842,False,0,,,not_graduated,not_graduated,False,none,,,7
1339828,K13,medium,high,dorm,5,4,3,3,4,2,0.7188,8,6,2,HK162,False,17,False,97.0,3.417525773195876,False,0,,,not_graduated,not_graduated,False,none,,,8
1340146,K13,medium,medium,rental,3,3,3,2,3,1,0.4688,8,7,1,HK162,True,10,False,119.0,2.2899159663865545,False,0,,,not_graduated,not_graduated,False,none,,,3
1340283,K13,high,medium,with_family,4,2,1,3,3,4,0.5625,8,7,1,HK162,False,22,False,119.0,2.361344537815126,False,0,,,not_graduated,not_graduated,False,none,,,3
1340420,K13,medium,low,with_family,3,3,1,5,2,2,0.5,8,8,0,HK162,True,13,True,136.0,1.786764705882353,False,0,,,not_graduated,not_graduated,False,none,,,2
1340557,K13,medium,medium,dorm,5,3,3,3,3,4,0.5625,8,6,2,HK162,True,14,True,97.0,2.536082474226804,False,0,,,not_graduated,not_graduated,False,none,,,8
1340875,K13,medium,medium,with_family,4,3,4,2,2,3,0.3438,8,6,2,HK162,False,13,False,102.0,1.6911764705882353,False,0,,,not_graduated,not_graduated,False,none,,,4
1341012,K13,medium,low,dorm,2,2,1,3,2,5,0.375,8,7,1,HK162,False,12,False,108.0,1.6296296296296295,False,0,,,not_graduated,not_graduated,False,none,,,7
1341149,K13,medium,medium,rental,3,4,5,1,2,3,0.2812,8,8,0,HK162,False,5,False,136.0,1.7279411764705883,False,0,,,not_graduated,not_graduated,False,none,,,2
1341604,K13,medium,high,rental,3,4,5,4,4,3,0.625,8,6,2,HK162,False,13,False,97.0,3.0670103092783507,False,0,,,not_graduated,not_graduated,False,none,,,8
1341741,K13,low,high,rental,2,3,5,3,4,5,0.5312,7,6,1,HK161,False,7,False,97.0,3.056701030927835,False,0,,,not_graduated,not_graduated,True,voluntary,background,HK161,8
1341878,K13,high,medium,dorm,4,5,1,3,3,2,0.6562,8,8,0,HK162,True,26,True,139.0,2.697841726618705,True,0,,HK162,on_time,fairly_good,False,none,,,0
1342196,K13,high,medium,with_family,3,2,2,4,4,5,0.6562,8,7,1,HK162,False,11,False,119.0,3.2394957983193278,False,0,,,not_graduated,not_graduated,False,none,,,3
1342333,K13,high,medium,with_family,3,5,5,1,3,2,0.4375,8,8,0,HK162,True,16,True,136.0,2.2830882352941178,False,0,,,not_graduated,not_graduated,False,none,,,2
1342470,K13,medium,high,dorm,3,5,2,4,4,3,0.75,8,8,0,HK162,True,20,True,134.0,3.4141791044776117,False,0,,,not_graduated,not_graduated,False,none,,,4
1342607,K13,high,high,rental,4,2,3,5,2,3,0.4375,8,6,2,HK162,False,10,False,102.0,1.6764705882352942,False,0,,,not_graduated,not_graduated,False,none,,,4
1342925,K13,high,medium,rental,1,2,2,5,3,2,0.5,8,7,1,HK162,True,14,True,119.0,2.176470588235294,False,0,,,not_graduated,not_graduated,False,none,,,3
1343062,K13,high,high,rental,2,2,2,1,3,3,0.4062,8,8,0,HK162,True,13,True,136.0,2.25,False,0,,,not_graduated,not_graduated,False,none,,,2
1343199,K13,high,medium,dorm,1,4,5,2,3,2,0.375,8,7,1,HK162,False,12,False,119.0,2.1848739495798317,False,0,,,not_graduated,not_graduated,False,none,,,3
1343336,K13,low,medium,rental,3,5,3,3,3,4,0.5625,8,7,1,HK162,False,10,False,119.0,2.4243697478991595,False,0,,,not_graduated,not_graduated,False,none,,,3
1343654,K13,low,high,rental,1,4,2,1,3,3,0.4375,8,7,1,HK162,True,10,False,114.0,2.236842105263158,False,0,,,not_graduated,not_graduated,False,none,,,7
1343791,K13,high,medium,rental,3,4,4,5,3,2,0.5625,8,6,2,HK162,False,14,False,97.0,2.3762886597938144,False,0,,,not_graduated,not_graduated,False,none,,,8
1343928,K13,low,medium,with_family,3,4,3,5,5,4,0.8438,8,8,0,HK162,True,19,True,146.0,3.969178082191781,False,0,,,not_graduated,not_graduated,False,none,,,4
1344065,K13,medium,high,with_family,1,3,2,5,5,5,0.7812,8,7,1,HK162,True,13,True,129.0,3.8217054263565893,False,0,,,not_graduated,not_graduated,False,none,,,7
1344383,K13,low,low,rental,4,5,3,3,4,4,0.7188,8,7,1,HK162,False,20,False,114.0,3.5,False,0,,,not_graduated,not_graduated,False,none,,,7
1344520,K13,low,low,dorm,4,4,2,2,3,4,0.5625,8,8,0,HK162,True,21,True,139.0,2.6258992805755397,True,0,,HK162,on_time,fairly_good,False,none,,,0
1344657,K13,high,medium,with_family,4,2,5,5,3,3,0.5,8,7,1,HK162,False,14,False,114.0,2.1973684210526314,False,0,,,not_graduated,not_graduated,False,none,,,7
1345112,K13,low,medium,with_family,3,3,3,2,3,3,0.4688,8,6,2,HK162,True,12,True,102.0,2.377450980392157,False,0,,,not_graduated,not_graduated,False,none,,,4
1345249,K13,medium,medium,dorm,3,4,3,2,4,5,0.625,8,7,1,HK162,False,14,False,114.0,3.3289473684210527,False,0,,,not_graduated,not_graduated,False,none,,,7
1345386,K13,high,medium,with_family,1,4,3,4,4,4,0.625,8,6,2,HK162,False,11,False,97.0,3.020618556701031,False,0,,,not_graduated,not_graduated,False,none,,,8
1345704,K13,low,medium,dorm,2,5,1,3,2,1,0.4688,8,8,0,HK162,True,17,True,134.0,1.8992537313432836,False,0,,,not_graduated,not_graduated,False,none,,,4
1345841,K13,medium,high,with_family,4,3,4,3,1,1,0.25,8,5,3,HK162,False,8,False,36.0,1.0,False,2,HK142;HK162,,not_graduated,not_graduated,False,none,,,22
1345978,K13,medium,medium,with_family,2,1,3,4,5,4,0.6875,8,7,1,HK162,True,13,True,114.0,3.7982456140350878,False,0,,,not_graduated,not_graduated,False,none,,,7
1346115,K13,high,medium,with_family,1,4,4,4,3,4,0.4688,8,6,2,HK162,True,5,False,102.0,2.2549019607843137,False,0,,,not_graduated,not_graduated,False,none,,,4
1346433,K13,low,medium,dorm,4,4,2,5,4,4,0.7812,8,7,1,HK162,True,14,True,114.0,3.3815789473684212,False,0,,,not_graduated,not_graduated,False,none,,,7
1346570,K13,low,medium,rental,5,4,4,3,2,1,0.4375,5,5,0,HK151,False,13,False,84.0,1.7678571428571428,False,0,,,not_graduated,not_graduated,True,voluntary,background,HK151,8
1346707,K13,medium,medium,with_family,3,3,4,5,1,1,0.2812,8,6,2,HK162,True,17,True,28.0,1.0,False,2,HK141;HK152,,not_graduated,not_graduated,False,none,,,24
1346844,K13,high,medium,dorm,5,4,3,3,3,3,0.5938,8,6,2,HK162,True,12,True,102.0,2.7107843137254903,False,0,,,not_graduated,not_graduated,False,none,,,4
1347162,K13,medium,medium,with_family,2,3,3,5,3,2,0.5312,8,7,1,HK162,True,13,True,119.0,2.1848739495798317,False,0,,,not_graduated,not_graduated,False,none,,,3
1347299,K13,high,medium,with_family,4,4,4,3,3,3,0.5312,8,7,1,HK162,False,14,False,114.0,2.5657894736842106,False,0,,,not_graduated,not_graduated,False,none,,,7
1347436,K13,medium,medium,with_family,5,4,4,5,3,2,0.625,8,6,2,HK162,False,18,False,102.0,2.5686274509803924,False,0,,,not_graduated,not_graduated,False,none,,,4
1347891,K13,low,medium,dorm,3,1,5,1,3,3,0.3125,8,6,2,HK162,False,6,False,102.0,2.0441176470588234,False,0,,,not_graduated,not_graduated,False,none,,,4
1348028,K13,high,medium,dorm,3,4,1,3,3,3,0.5938,8,6,2,HK162,False,13,False,97.0,2.6288659793814433,False,0,,,not_graduated,not_graduated,False,none,,,8
1348165,K13,high,medium,rental,2,3,1,5,2,3,0.4688,8,6,2,HK162,False,15,False,102.0,1.75,False,0,,,not_graduated,not_graduated,False,none,,,4
1348620,K13,high,medium,dorm,3,4,2,5,5,4,0.875,8,8,0,HK162,True,18,True,134.0,3.970149253731343,False,0,,,not_graduated,not_graduated,False,none,,,4
1348757,K13,high,medium,with_family,3,3,4,3,2,2,0.3438,8,7,1,HK162,False,9,False,119.0,1.5420168067226891,False,0,,,not_graduated,not_graduated,False,none,,,3
1348894,K13,medium,high,with_family,2,2,4,3,3,4,0.4062,8,6,2,HK162,False,11,False,97.0,2.195876288659794,False,0,,,not_graduated,not_graduated,False,none,,,8
1349212,K13,low,low,with_family,4,3,3,4,3,2,0.5625,8,7,1,HK162,True,15,True,119.0,2.3907563025210083,False,0,,,not_graduated,not_graduated,False,none,,,3
1349349,K13,low,medium,dorm,5,2,3,3,2,2,0.4062,8,7,1,HK162,False,10,False,119.0,1.8319327731092436,False,0,,,not_graduated,not_graduated,False,none,,,3
1349486,K13,medium,medium,rental,3,4,1,2,4,5,0.6875,8,6,2,HK162,False,14,False,102.0,3.485294117647059,False,0,,,not_graduated,not_graduated,False,none,,,4
1349623,K13,medium,medium,with_family,5,4,3,1,3,2,0.5312,8,7,1,HK162,True,17,True,119.0,2.680672268907563,False,0,,,not_graduated,not_graduated,False,none,,,3
1349941,K13,low,medium,with_family,5,3,3,4,5,5,0.8438,8,8,0,HK162,True,17,True,134.0,3.9776119402985075,False,0,,,not_graduated,not_graduated,False,none,,,4
1350078,K13,low,medium,dorm,3,4,3,2,2,3,0.375,8,8,0,HK162,True,15,True,139.0,1.8992805755395683,True,0,,HK162,on_time,below_average,False,none,,,0
1350215,K13,medium,medium,dorm,1,5,5,2,3,3,0.4062,8,8,0,HK162,True,16,True,139.0,2.237410071942446,True,0,,HK162,on_time,average,False,none,,,0
1350352,K13,high,high,rental,4,4,5,3,4,3,0.625,8,7,1,HK162,False,18,False,114.0,3.210526315789474,False,0,,,not_graduated,not_graduated,False,none,,,7
1350670,K13,medium,medium,with_family,2,4,2,3,3,4,0.5312,8,7,1,HK162,True,14,True,119.0,2.3907563025210083,False,0,,,not_graduated,not_graduated,False,none,,,3
1350807,K13,low,medium,with_family,4,3,3,5,1,1,0.3438,3,2,1,HK141,False,16,False,7.0,1.0,False,1,HK141,,not_graduated,not_graduated,True,voluntary,background,HK141,33
1350944,K13,medium,high,rental,4,2,2,2,4,4,0.625,4,4,0,HK142,False,12,False,66.0,3.25,False,0,,,not_graduated,not_graduated,True,voluntary,background,HK142,13
1351399,K13,low,medium,rental,2,4,3,5,3,4,0.5625,8,8,0,HK162,True,14,True,139.0,2.3345323741007196,False,0,,,not_graduated,not_graduated,False,none,,,0
1351536,K13,low,medium,rental,5,5,2,1,4,4,0.7188,3,3,0,HK141,False,11,False,43.0,3.4069767441860463,False,0,,,not_graduated,not_graduated,True,voluntary,background,HK141,21
1351673,K13,medium,low,dorm,3,4,3,2,3,2,0.5,8,7,1,HK162,False,12,False,119.0,2.4243697478991595,False,0,,,not_graduated,not_graduated,False,none,,,3
1351991,K13,medium,medium,with_family,5,5,2,3,3,2,0.6562,8,7,1,HK162,False,23,False,119.0,2.7436974789915967,False,0,,,not_graduated,not_graduated,False,none,,,3
1352128,K13,low,high,rental,5,4,4,5,4,5,0.75,8,8,0,HK162,True,20,True,134.0,3.3656716417910446,False,0,,,not_graduated,not_graduated,False,none,,,4
1352265,K13,low,high,dorm,4,1,2,3,4,5,0.625,8,8,0,HK162,True,18,True,134.0,3.2313432835820897,False,0,,,not_graduated,not_graduated,False,none,,,4
1352402,K13,high,medium,dorm,5,3,3,3,4,5,0.6875,8,7,1,HK162,True,4,False,114.0,3.3201754385964914,False,0,,,not_graduated,not_graduated,False,none,,,7
1352720,K13,medium,medium,rental,2,4,3,2,4,4,0.5938,8,6,2,HK162,False,14,False,102.0,3.161764705882353,False,0,,,not_graduated,not_graduated,False,none,,,4
1352857,K13,medium,medium,dorm,4,4,3,3,5,5,0.8125,8,8,0,HK162,True,28,True,146.0,3.98972602739726,False,0,,,not_graduated,not_graduated,False,none,,,4
1352994,K13,medium,medium,rental,2,3,3,4,3,3,0.5,8,7,1,HK162,True,8,False,119.0,2.2184873949579833,False,0,,,not_graduated,not_graduated,False,none,,,3
1353131,K13,medium,low,with_family,5,3,4,3,4,3,0.6562,8,6,2,HK162,True,8,False,102.0,3.323529411764706,False,0,,,not_graduated,not_graduated,False,none,,,4
1353449,K13,medium,medium,with_family,5,4,4,4,5,5,0.8438,8,6,2,HK162,False,15,False,97.0,4.0,False,0,,,not_graduated,not_graduated,False,none,,,8
1353586,K13,low,high,rental,2,2,3,3,3,2,0.4375,8,6,2,HK162,False,13,False,102.0,2.1470588235294117,False,0,,,not_graduated,not_graduated,True,voluntary,background,HK162,4
1353723,K13,medium,medium,rental,2,4,1,5,1,1,0.375,8,6,2,HK162,False,14,False,68.0,1.0955882352941178,False,0,,,not_graduated,not_graduated,False,none,,,13
1353860,K13,low,medium,dorm,3,4,4,3,3,3,0.5,8,6,2,HK162,False,16,False,102.0,2.2401960784313726,False,0,,,not_graduated,not_graduated,False,none,,,4
1354178,K13,medium,high,dorm,3,4,3,5,3,3,0.5938,8,6,2,HK162,True,11,False,97.0,2.4278350515463916,False,0,,,not_graduated,not_graduated,False,none,,,8
1354315,K13,medium,medium,dorm,3,4,4,4,3,4,0.5312,8,7,1,HK162,True,9,False,119.0,2.3823529411764706,False,0,,,not_graduated,not_graduated,False,none,,,3
1354452,K13,medium,high,rental,3,3,3,4,4,3,0.6562,8,6,2,HK162,False,11,False,97.0,3.283505154639175,False,0,,,not_graduated,not_graduated,True,voluntary,background,HK162,8
1354907,K13,medium,medium,rental,3,3,4,2,5,5,0.6875,8,6,2,HK162,True,11,False,109.0,3.7981651376146788,False,0,,,not_graduated,not_graduated,False,none,,,8
1355044,K13,medium,medium,rental,3,2,1,5,4,4,0.7188,8,6,2,HK162,False,13,False,97.0,3.231958762886598,False,0,,,not_graduated,not_graduated,False,none,,,8
1355181,K13,low,high,with_family,3,4,2,4,4,5,0.7188,8,8,0,HK162,True,24,True,134.0,3.25,False,0,,,not_graduated,not_graduated,False,none,,,4
1355499,K13,medium,medium,with_family,5,4,4,4,5,5,0.8438,8,8,0,HK162,True,15,True,134.0,3.9888059701492535,False,0,,,not_graduated,not_graduated,False,none,,,4
1355636,K13,medium,high,rental,4,4,3,2,2,3,0.4062,5,5,0,HK151,False,8,False,84.0,1.7678571428571428,False,0,,,not_graduated,not_graduated,True,voluntary,academic,HK151,8
1355773,K13,medium,high,dorm,4,4,3,2,2,2,0.4062,8,6,2,HK162,False,11,False,102.0,1.857843137254902,False,0,,,not_graduated,not_graduated,False,none,,,4
1355910,K13,low,high,dorm,2,1,1,4,3,3,0.5,8,8,0,HK162,True,14,True,139.0,2.2985611510791366,False,0,,,not_graduated,not_graduated,False,none,,,0
1356228,K13,high,medium,dorm,3,3,3,2,3,4,0.4688,8,6,2,HK162,False,15,False,102.0,2.465686274509804,False,0,,,not_graduated,not_graduated,False,none,,,4
1356365,K13,medium,low,dorm,3,3,5,3,4,5,0.5625,8,6,2,HK162,True,12,True,97.0,3.149484536082474,False,0,,,not_graduated,not_graduated,False,none,,,8
1356502,K13,medium,medium,with_family,4,3,5,2,3,3,0.4375,8,6,2,HK162,False,19,False,102.0,2.2205882352941178,False,0,,,not_graduated,not_graduated,False,none,,,4
1356639,K13,medium,medium,with_family,3,2,5,5,3,1,0.4688,8,6,2,HK162,True,11,False,102.0,2.122549019607843,False,0,,,not_graduated,not_graduated,False,none,,,4
1356957,K13,medium,medium,dorm,5,3,3,3,2,1,0.4375,8,8,0,HK162,True,24,True,136.0,1.7830882352941178,True,0,,HK162,on_time,below_average,False,none,,,0
1357094,K13,low,high,with_family,5,4,3,4,4,4,0.75,8,7,1,HK162,False,20,False,119.0,3.4159663865546217,False,0,,,not_graduated,not_graduated,False,none,,,3
1357231,K13,medium,medium,rental,3,1,3,4,3,3,0.4688,8,6,2,HK162,True,6,False,102.0,2.269607843137255,False,0,,,not_graduated,not_graduated,False,none,,,4
1357686,K13,medium,medium,rental,4,4,1,3,4,5,0.75,8,8,0,HK162,True,16,True,139.0,3.5899280575539567,True,0,,HK162,on_time,good,False,none,,,0
1357823,K13,medium,low,dorm,3,3,5,2,3,3,0.4062,8,6,2,HK162,False,9,False,102.0,2.1029411764705883,False,0,,,not_graduated,not_graduated,False,none,,,4
1357960,K13,medium,medium,dorm,3,4,5,5,2,2,0.4062,8,8,0,HK162,True,14,True,133.0,1.6165413533834587,False,0,,,not_graduated,not_graduated,False,none,,,3
1358278,K13,medium,medium,with_family,3,3,2,2,3,2,0.5,8,8,0,HK162,True,20,True,139.0,2.3884892086330933,True,0,,HK162,on_time,average,False,none,,,0
1358415,K13,medium,low,with_family,3,3,5,5,4,3,0.625,8,7,1,HK162,False,19,False,114.0,3.0526315789473686,False,0,,,not_graduated,not_graduated,False,none,,,7
1358552,K13,medium,medium,dorm,3,5,2,3,3,3,0.5938,8,8,0,HK162,True,16,True,139.0,2.539568345323741,True,0,,HK162,on_time,fairly_good,False,none,,,0
1358689,K13,medium,medium,with_family,4,4,2,1,3,4,0.5312,8,8,0,HK162,False,10,False,136.0,2.547794117647059,False,0,,,not_graduated,not_graduated,False,none,,,2
1359007,K13,high,medium,dorm,4,5,4,3,3,2,0.5625,8,7,1,HK162,True,13,True,119.0,2.457983193277311,False,0,,,not_graduated,not_graduated,False,none,,,3
1359144,K13,medium,medium,with_family,4,3,2,2,5,5,0.7812,8,6,2,HK162,False,12,False,97.0,3.979381443298969,False,0,,,not_graduated,not_graduated,False,none,,,8
1359281,K13,high,high,rental,1,3,5,3,5,5,0.625,8,6,2,HK162,True,10,False,97.0,3.695876288659794,False,0,,,not_graduated,not_graduated,False,none,,,8
1359418,K13,medium,high,rental,4,3,3,3,1,1,0.2812,3,3,0,HK141,False,14,False,26.0,1.0,False,0,,,not_graduated,not_graduated,True,voluntary,background,HK141,27
1359736,K13,medium,medium,rental,4,3,2,3,4,3,0.6875,8,6,2,HK162,False,10,False,97.0,3.448453608247423,False,0,,,not_graduated,not_graduated,False,none,,,8
1359873,K13,high,low,with_family,2,5,3,2,3,2,0.5,8,8,0,HK162,True,15,True,136.0,2.3970588235294117,False,0,,,not_graduated,not_graduated,False,none,,,2
1360010,K13,low,low,with_family,3,3,2,4,2,1,0.4375,8,6,2,HK162,False,12,False,102.0,1.6813725490196079,False,0,,,not_graduated,not_graduated,False,none,,,4
1360147,K13,medium,medium,with_family,3,3,3,5,4,5,0.6875,8,6,2,HK162,True,12,True,97.0,3.2061855670103094,False,0,,,not_graduated,not_graduated,False,none,,,8
1360465,K13,high,medium,with_family,3,4,1,4,3,2,0.625,8,7,1,HK162,False,17,False,119.0,2.5588235294117645,False,0,,,not_graduated,not_graduated,False,none,,,3
1360602,K13,high,high,dorm,2,5,3,4,1,1,0.3125,8,5,3,HK162,True,13,True,25.0,1.08,False,2,HK141;HK152,,not_graduated,not_graduated,False,none,,,26
1360739,K13,low,low,rental,4,4,1,4,4,3,0.7812,8,7,1,HK162,False,11,False,114.0,3.3859649122807016,False,0,,,not_graduated,not_graduated,False,none,,,7
1361194,K13,medium,high,dorm,3,2,4,5,4,3,0.625,8,8,0,HK162,True,17,True,134.0,3.041044776119403,False,0,,,not_graduated,not_graduated,False,none,,,4
1361331,K13,medium,high,rental,4,4,3,4,4,5,0.7188,8,7,1,HK162,True,16,True,119.0,3.4831932773109244,False,0,,,not_graduated,not_graduated,True,voluntary,background,HK162,3
1361468,K13,high,medium,dorm,4,1,4,5,2,3,0.375,8,6,2,HK162,False,11,False,102.0,1.5343137254901962,False,0,,,not_graduated,not_graduated,False,none,,,4
1361786,K13,medium,medium,with_family,4,1,4,5,4,5,0.625,8,7,1,HK162,False,14,False,119.0,3.1134453781512605,False,0,,,not_graduated,not_graduated,False,none,,,3
1361923,K13,low,low,with_family,4,4,4,4,4,3,0.6875,8,8,0,HK162,True,18,True,134.0,3.33955223880597,False,0,,,not_graduated,not_graduated,False,none,,,4
1362060,K13,low,low,with_family,5,5,3,3,4,3,0.75,8,8,0,HK162,True,16,True,134.0,3.548507462686567,False,0,,,not_graduated,not_graduated,False,none,,,4
1362197,K13,medium,medium,rental,4,2,4,1,4,3,0.5312,8,7,1,HK162,True,6,False,114.0,3.087719298245614,False,0,,,not_graduated,not_graduated,False,none,,,7
1362515,K13,low,medium,with_family,3,2,1,1,5,5,0.7188,8,7,1,HK162,True,13,True,114.0,3.9078947368421053,False,0,,,not_graduated,not_graduated,False,none,,,7
1362652,K13,medium,low,with_family,3,5,2,3,2,2,0.4688,8,7,1,HK162,True,16,True,116.0,1.7672413793103448,False,0,,,not_graduated,not_graduated,False,none,,,3
1362789,K13,medium,medium,rental,4,4,3,3,4,5,0.6875,8,6,2,HK162,False,25,False,97.0,3.3608247422680413,False,0,,,not_graduated,not_graduated,False,none,,,8
1362926,K13,low,medium,rental,3,4,2,1,4,5,0.625,8,8,0,HK162,True,17,True,134.0,3.4477611940298507,False,0,,,not_graduated,not_graduated,False,none,,,4
1363244,K13,medium,medium,dorm,5,2,2,3,5,5,0.8125,8,7,1,HK162,True,14,True,114.0,3.9035087719298245,False,0,,,not_graduated,not_graduated,False,none,,,7
1363381,K13,low,medium,dorm,3,3,3,5,4,4,0.6875,8,6,2,HK162,False,15,False,97.0,3.0876288659793816,False,0,,,not_graduated,not_graduated,False,none,,,8
1363518,K13,high,high,with_family,3,4,5,3,4,3,0.5938,8,7,1,HK162,False,9,False,119.0,2.991596638655462,False,0,,,not_graduated,not_graduated,False,none,,,3
1363973,K13,medium,medium,dorm,3,4,2,4,2,1,0.4688,8,8,0,HK162,True,11,False,136.0,1.7279411764705883,False,0,,,not_graduated,not_graduated,False,none,,,2
1364110,K13,low,medium,with_family,3,4,2,5,4,4,0.75,8,6,2,HK162,False,18,False,97.0,3.314432989690722,False,0,,,not_graduated,not_graduated,False,none,,,8
1364247,K13,medium,medium,dorm,4,3,4,2,3,4,0.4688,8,7,1,HK162,False,16,False,119.0,2.3487394957983194,False,0,,,not_graduated,not_graduated,False,none,,,3
1364702,K13,medium,medium,with_family,4,2,3,2,2,2,0.3438,8,8,0,HK162,True,19,True,139.0,1.776978417266187,True,0,,HK162,on_time,below_average,False,none,,,0
1364839,K13,medium,medium,rental,2,2,3,4,3,3,0.4688,8,6,2,HK162,False,12,False,102.0,2.1029411764705883,False,0,,,not_graduated,not_graduated,False,none,,,4
1364976,K13,medium,medium,rental,5,2,3,3,4,5,0.6562,8,7,1,HK162,False,11,False,119.0,3.2016806722689077,False,0,,,not_graduated,not_graduated,False,none,,,3
1365294,K13,low,high,rental,4,5,1,4,5,5,0.9375,8,7,1,HK162,False,25,False,114.0,4.0,False,0,,,not_graduated,not_graduated,False,none,,,7
1365431,K13,medium,low,with_family,3,2,3,2,4,4,0.5625,8,7,1,HK162,True,9,False,114.0,3.06140350877193,False,0,,,not_graduated,not_graduated,False,none,,,7
1365568,K13,low,medium,rental,2,3,4,3,3,3,0.4375,1,1,0,HK131,False,10,False,16.0,2.28125,False,0,,,not_graduated,not_graduated,True,voluntary,background,HK131,31
1365705,K13,medium,medium,with_family,4,3,3,4,4,4,0.6875,8,7,1,HK162,True,19,True,114.0,3.263157894736842,False,0,,,not_graduated,not_graduated,False,none,,,7
1366023,K13,low,low,dorm,2,3,2,2,3,4,0.4688,8,7,1,HK162,True,8,False,114.0,2.539473684210526,False,0,,,not_graduated,not_graduated,False,none,,,7
1366160,K13,low,low,with_family,1,4,4,1,3,3,0.375,8,6,2,HK162,True,3,False,102.0,2.230392156862745,False,0,,,not_graduated,not_graduated,False,none,,,4
1366297,K13,low,medium,with_family,1,3,3,3,3,4,0.4375,8,6,2,HK162,False,16,False,102.0,2.1911764705882355,False,0,,,not_graduated,not_graduated,False,none,,,4
1366434,K13,low,low,dorm,2,5,3,4,4,4,0.6875,8,6,2,HK162,True,8,False,97.0,3.3247422680412373,False,0,,,not_graduated,not_graduated,False,none,,,8
1366752,K13,low,medium,rental,2,5,2,1,3,2,0.5,8,7,1,HK162,True,13,True,119.0,2.46218487394958,False,0,,,not_graduated,not_graduated,False,none,,,3
1366889,K13,low,medium,with_family,5,5,1,2,3,3,0.6562,8,6,2,HK162,False,16,False,102.0,2.7205882352941178,False,0,,,not_graduated,not_graduated,False,none,,,4
1367026,K13,low,medium,dorm,3,2,3,4,5,5,0.75,8,6,2,HK162,False,10,False,97.0,3.845360824742268,False,0,,,not_graduated,not_graduated,False,none,,,8
1367481,K13,low,low,with_family,3,4,4,4,4,3,0.6562,8,8,0,HK162,True,17,True,134.0,3.1343283582089554,False,0,,,not_graduated,not_graduated,False,none,,,4
1367618,K13,medium,high,with_family,5,3,3,3,3,4,0.5625,8,8,0,HK162,True,14,True,136.0,2.588235294117647,False,0,,,not_graduated,not_graduated,False,none,,,2
1367755,K13,medium,low,rental,2,4,3,3,3,3,0.5,8,6,2,HK162,True,11,False,97.0,2.551546391752577,False,0,,,not_graduated,not_graduated,False,none,,,8
1368073,K13,medium,low,with_family,3,4,3,5,3,3,0.5938,8,6,2,HK162,False,16,False,102.0,2.4215686274509802,False,0,,,not_graduated,not_graduated,False,none,,,4
1368210,K13,medium,medium,rental,4,5,2,4,5,5,0.9062,8,7,1,HK162,False,19,False,129.0,3.988372093023256,False,0,,,not_graduated,not_graduated,False,none,,,7
1368347,K13,high,medium,with_family,3,3,2,3,3,4,0.5312,8,6,2,HK162,False,11,False,102.0,2.343137254901961,False,0,,,not_graduated,not_graduated,False,none,,,4
1368484,K13,medium,medium,with_family,3,3,3,4,2,3,0.4062,8,7,1,HK162,True,17,True,119.0,1.680672268907563,False,0,,,not_graduated,not_graduated,False,none,,,3
1368802,K13,medium,medium,rental,1,4,4,2,4,3,0.5312,8,7,1,HK162,False,14,False,119.0,3.0126050420168067,False,0,,,not_graduated,not_graduated,False,none,,,3
1368939,K13,medium,medium,with_family,3,5,4,2,3,3,0.5,8,7,1,HK162,True,14,True,119.0,2.3529411764705883,False,0,,,not_graduated,not_graduated,False,none,,,3
1369076,K13,low,low,dorm,3,4,2,3,2,2,0.4375,8,6,2,HK162,False,13,False,102.0,1.7696078431372548,False,0,,,not_graduated,not_graduated,False,none,,,4
1369213,K13,low,low,dorm,5,5,4,3,4,3,0.7188,8,7,1,HK162,False,17,False,114.0,3.6096491228070176,False,0,,,not_graduated,not_graduated,False,none,,,7
1369531,K13,medium,low,with_family,3,1,3,2,3,2,0.4062,8,6,2,HK162,True,11,False,102.0,2.034313725490196,False,0,,,not_graduated,not_graduated,False,none,,,4
1369668,K13,low,medium,rental,3,2,4,4,3,4,0.4688,8,6,2,HK162,False,6,False,102.0,2.3137254901960786,False,0,,,not_graduated,not_graduated,False,none,,,4
1369805,K13,low,medium,dorm,2,3,4,5,5,5,0.75,8,6,2,HK162,True,11,False,97.0,3.7731958762886597,False,0,,,not_graduated,not_graduated,False,none,,,8
1369942,K13,medium,medium,rental,5,3,3,1,3,3,0.5,8,6,2,HK162,True,16,True,102.0,2.3333333333333335,False,0,,,not_graduated,not_graduated,False,none,,,4
1370260,K13,low,low,dorm,1,5,4,4,3,3,0.5,8,8,0,HK162,True,22,True,139.0,2.133093525179856,True,0,,HK162,on_time,average,False,none,,,0
1370397,K13,high,high,with_family,3,5,4,3,4,3,0.6562,8,8,0,HK162,True,18,True,134.0,3.1007462686567164,False,0,,,not_graduated,not_graduated,False,none,,,4
1370534,K13,medium,medium,rental,3,3,2,4,3,3,0.5625,8,8,0,HK162,True,20,True,139.0,2.3992805755395685,True,0,,HK162,on_time,average,False,none,,,0
1370989,K13,medium,medium,with_family,4,4,3,2,3,4,0.5312,8,6,2,HK162,False,14,False,102.0,2.465686274509804,False,0,,,not_graduated,not_graduated,False,none,,,4
1371126,K13,medium,high,dorm,4,4,3,1,2,3,0.375,8,7,1,HK162,False,11,False,114.0,2.0,False,0,,,not_graduated,not_graduated,False,none,,,7
1371263,K13,low,high,rental,2,3,4,3,2,3,0.3125,8,6,2,HK162,False,11,False,102.0,1.5392156862745099,False,0,,,not_graduated,not_graduated,False,none,,,4
1371581,K13,low,low,with_family,3,5,2,4,3,3,0.625,8,6,2,HK162,False,17,False,102.0,2.607843137254902,False,0,,,not_graduated,not_graduated,False,none,,,4
1371718,K13,medium,medium,with_family,4,5,4,2,4,3,0.6562,8,6,2,HK162,True,10,False,102.0,3.2794117647058822,False,0,,,not_graduated,not_graduated,False,none,,,4
1371855,K13,medium,medium,dorm,1,3,4,3,2,2,0.2812,8,7,1,HK162,True,13,True,116.0,1.3793103448275863,False,0,,,not_graduated,not_graduated,False,none,,,3
1371992,K13,medium,medium,rental,3,3,3,3,3,3,0.5,8,7,1,HK162,False,16,False,114.0,2.3640350877192984,False,0,,,not_graduated,not_graduated,False,none,,,7
1372310,K13,medium,medium,rental,3,4,2,3,2,1,0.4375,8,7,1,HK162,False,14,False,111.0,1.7882882882882882,False,0,,,not_graduated,not_graduated,False,none,,,7
1372447,K13,medium,medium,dorm,4,2,3,5,4,5,0.6875,8,6,2,HK162,False,14,False,97.0,3.1082474226804124,False,0,,,not_graduated,not_graduated,False,none,,,8
1372584,K13,high,low,rental,2,3,4,5,4,5,0.625,8,6,2,HK162,False,16,False,97.0,2.9896907216494846,False,0,,,not_graduated,not_graduated,False,none,,,8
1372721,K13,high,medium,with_family,3,4,4,1,4,4,0.5625,8,6,2,HK162,True,7,False,97.0,3.2010309278350517,False,0,,,not_graduated,not_graduated,False,none,,,8
1373039,K13,medium,high,rental,4,4,1,4,3,2,0.6562,8,6,2,HK162,False,17,False,102.0,2.676470588235294,False,0,,,not_graduated,not_graduated,False,none,,,4
1373176,K13,low,high,with_family,4,4,3,2,2,1,0.4062,8,6,2,HK162,False,19,False,102.0,1.9362745098039216,False,0,,,not_graduated,not_graduated,False,none,,,4
1373313,K13,medium,low,with_family,2,1,3,4,4,4,0.5625,8,7,1,HK162,True,15,True,114.0,2.8903508771929824,False,0,,,not_graduated,not_graduated,False,none,,,7
1373768,K13,medium,high,with_family,3,5,2,4,4,4,0.75,8,6,2,HK162,False,14,False,102.0,3.485294117647059,False,0,,,not_graduated,not_graduated,False,none,,,4
1373905,K13,medium,medium,rental,4,3,4,3,3,2,0.5,8,7,1,HK162,True,15,True,119.0,2.3781512605042017,False,0,,,not_graduated,not_graduated,False,none,,,3
1374042,K13,medium,high,rental,3,3,3,1,1,2,0.1875,8,4,4,HK162,False,8,False,27.0,1.1111111111111112,False,2,HK141;HK152,,not_graduated,not_graduated,False,none,,,27
1374497,K13,medium,low,dorm,2,4,2,2,4,3,0.625,8,6,2,HK162,True,10,False,97.0,3.2783505154639174,False,0,,,not_graduated,not_graduated,False,none,,,8
1374634,K13,low,high,with_family,3,4,2,4,2,1,0.4688,8,6,2,HK162,False,13,False,96.0,1.8020833333333333,False,0,,,not_graduated,not_graduated,False,none,,,7
1374771,K13,high,low,dorm,3,3,3,1,4,3,0.5625,8,7,1,HK162,True,9,False,114.0,3.232456140350877,False,0,,,not_graduated,not_graduated,False,none,,,7
1375089,K13,medium,medium,with_family,3,3,4,3,3,3,0.4688,8,7,1,HK162,True,12,True,114.0,2.223684210526316,False,0,,,not_graduated,not_graduated,False,none,,,7
1375226,K13,medium,medium,rental,5,4,3,3,3,3,0.5938,8,7,1,HK162,False,19,False,119.0,2.563025210084034,False,0,,,not_graduated,not_graduated,False,none,,,3
1375363,K13,medium,medium,with_family,2,2,3,4,3,2,0.4688,8,6,2,HK162,True,11,False,102.0,2.264705882352941,False,0,,,not_graduated,not_graduated,False,none,,,4
1375500,K13,high,high,with_family,4,5,4,1,3,3,0.5,8,8,0,HK162,True,14,True,139.0,2.5863309352517985,False,0,,,not_graduated,not_graduated,False,none,,,0
1375818,K13,medium,low,with_family,2,5,4,4,4,4,0.6562,8,7,1,HK162,True,11,False,114.0,3.0964912280701755,False,0,,,not_graduated,not_graduated,False,none,,,7
1375955,K13,high,low,rental,5,2,3,4,3,3,0.5625,8,8,0,HK162,True,16,True,139.0,2.3956834532374103,True,0,,HK162,on_time,average,False,none,,,0
1376092,K13,medium,high,with_family,4,4,2,4,3,1,0.625,8,6,2,HK162,False,21,False,102.0,2.5833333333333335,False,0,,,not_graduated,not_graduated,False,none,,,4
1376229,K13,medium,medium,rental,4,3,3,2,4,4,0.625,8,7,1,HK162,True,16,True,119.0,3.3151260504201683,False,0,,,not_graduated,not_graduated,False,none,,,3
1376547,K13,low,low,dorm,3,3,4,2,1,2,0.1875,8,4,4,HK162,False,14,False,12.0,1.125,False,2,HK141;HK152,,not_graduated,not_graduated,False,none,,,30
1376684,K13,high,medium,with_family,4,3,4,1,3,4,0.4375,8,7,1,HK162,False,12,False,119.0,2.407563025210084,False,0,,,not_graduated,not_graduated,False,none,,,3
1376821,K13,medium,medium,rental,4,3,3,4,3,4,0.5625,8,8,0,HK162,True,17,True,139.0,2.6223021582733814,True,0,,HK162,on_time,fairly_good,False,none,,,0
1377276,K13,high,high,dorm,3,4,5,3,3,3,0.4688,8,8,0,HK162,True,10,False,136.0,2.1654411764705883,False,0,,,not_graduated,not_graduated,False,none,,,2
1377413,K13,low,low,with_family,2,3,3,2,2,3,0.3125,8,7,1,HK162,True,14,True,114.0,1.6008771929824561,False,0,,,not_graduated,not_graduated,False,none,,,7
1377550,K13,low,low,rental,3,1,3,4,2,2,0.3438,8,6,2,HK162,False,10,False,102.0,1.5686274509803921,False,0,,,not_graduated,not_graduated,False,none,,,4
1377868,K13,high,medium,dorm,2,2,1,3,3,4,0.5,8,6,2,HK162,True,5,False,102.0,2.4362745098039214,False,0,,,not_graduated,not_graduated,False,none,,,4
1378005,K13,high,medium,rental,3,4,3,3,4,5,0.6562,8,6,2,HK162,False,21,False,97.0,3.170103092783505,False,0,,,not_graduated,not_graduated,False,none,,,8
1378142,K13,low,medium,with_family,4,4,5,5,4,5,0.6875,8,6,2,HK162,False,13,False,97.0,3.1443298969072164,False,0,,,not_graduated,not_graduated,False,none,,,8
1378279,K13,low,high,dorm,4,4,4,3,3,2,0.5312,8,6,2,HK162,False,12,False,102.0,2.25,False,0,,,not_graduated,not_graduated,False,none,,,4
1378597,K13,medium,medium,with_family,5,1,4,3,3,4,0.4688,8,8,0,HK162,True,18,True,131.0,2.3244274809160306,False,0,,,not_graduated,not_graduated,False,none,,,6
1378734,K13,medium,medium,with_family,1,1,5,4,2,2,0.2188,8,7,1,HK162,True,7,False,104.0,1.2163461538461537,False,0,,,not_graduated,not_graduated,False,none,,,6
1378871,K13,medium,medium,with_family,4,3,3,4,4,4,0.6875,8,6,2,HK162,True,9,False,97.0,3.3247422680412373,False,0,,,not_graduated,not_graduated,False,none,,,8
1379008,K13,low,medium,dorm,4,5,1,3,3,4,0.6562,8,8,0,HK162,True,17,True,139.0,2.7014388489208634,True,0,,HK162,on_time,fairly_good,False,none,,,0
1379326,K13,high,high,with_family,5,3,4,4,4,3,0.6875,8,6,2,HK162,False,13,False,102.0,3.3137254901960786,False,0,,,not_graduated,not_graduated,False,none,,,4
1379463,K13,high,medium,with_family,3,2,1,1,4,3,0.5938,8,8,0,HK162,True,16,True,134.0,3.2388059701492535,False,0,,,not_graduated,not_graduated,False,none,,,4
1379600,K13,low,medium,with_family,4,3,5,3,2,2,0.3438,8,6,2,HK162,True,8,False,97.0,1.5618556701030928,False,0,,,not_graduated,not_graduated,False,none,,,8
1380055,K13,medium,medium,dorm,5,2,4,5,3,3,0.5625,8,8,0,HK162,True,21,True,139.0,2.3956834532374103,True,0,,HK162,on_time,average,False,none,,,0
1380192,K13,low,low,with_family,4,4,3,1,2,3,0.375,8,7,1,HK162,True,10,False,119.0,1.8949579831932772,False,0,,,not_graduated,not_graduated,False,none,,,3
1380329,K13,medium,medium,with_family,3,2,1,2,4,5,0.625,8,8,0,HK162,True,13,True,136.0,3.2095588235294117,False,0,,,not_graduated,not_graduated,False,none,,,2
1380784,K13,medium,low,rental,2,5,4,4,3,4,0.5312,8,6,2,HK162,False,13,False,102.0,2.2058823529411766,False,0,,,not_graduated,not_graduated,False,none,,,4
1380921,K13,medium,medium,with_family,4,4,2,3,5,5,0.8438,8,6,2,HK162,False,10,False,97.0,4.0,False,0,,,not_graduated,not_graduated,False,none,,,8
1381058,K13,low,medium,rental,1,5,4,3,4,4,0.5938,8,6,2,HK162,False,16,False,97.0,3.1030927835051547,False,0,,,not_graduated,not_graduated,False,none,,,8
1381376,K13,low,medium,dorm,3,5,3,4,4,5,0.7188,8,8,0,HK162,True,14,True,134.0,3.3470149253731343,False,0,,,not_graduated,not_graduated,False,none,,,4
1381513,K13,medium,medium,with_family,3,4,2,2,4,4,0.6562,8,8,0,HK162,True,17,True,134.0,3.3694029850746268,False,0,,,not_graduated,not_graduated,False,none,,,4
1381650,K13,low,medium,dorm,3,4,5,3,3,2,0.4688,8,6,2,HK162,False,12,False,102.0,2.1666666666666665,False,0,,,not_graduated,not_graduated,False,none,,,4
1381787,K13,high,medium,rental,4,2,4,2,5,5,0.6875,8,6,2,HK162,True,7,False,109.0,3.889908256880734,False,0,,,not_graduated,not_graduated,False,none,,,8
1382105,K13,high,high,rental,5,2,4,1,4,3,0.5625,8,7,1,HK162,True,4,False,114.0,3.1052631578947367,False,0,,,not_graduated,not_graduated,False,none,,,7
1382242,K13,low,medium,with_family,3,4,4,3,4,4,0.625,8,6,2,HK162,False,14,False,97.0,3.4123711340206184,False,0,,,not_graduated,not_graduated,False,none,,,8
1382379,K13,medium,high,with_family,5,2,3,4,3,3,0.5625,8,6,2,HK162,False,16,False,102.0,2.446078431372549,False,0,,,not_graduated,not_graduated,False,none,,,4
1382516,K13,medium,medium,with_family,5,5,4,3,5,5,0.8438,8,7,1,HK162,True,17,True,129.0,3.9651162790697674,False,0,,,not_graduated,not_graduated,False,none,,,7
1382834,K13,medium,low,rental,4,3,3,3,3,4,0.5312,8,8,0,HK162,True,19,True,134.0,2.5858208955223883,False,0,,,not_graduated,not_graduated,False,none,,,4
1382971,K13,medium,medium,rental,5,4,2,5,3,5,0.6875,8,6,2,HK162,False,26,False,102.0,2.6715686274509802,False,0,,,not_graduated,not_graduated,False,none,,,4
1383108,K13,low,high,rental,5,1,3,2,3,2,0.4688,1,1,0,HK131,False,13,False,16.0,2.59375,False,0,,,not_graduated,not_graduated,True,voluntary,background,HK131,31
1383563,K13,medium,low,rental,4,4,3,2,3,3,0.5312,8,8,0,HK162,True,16,True,139.0,2.6870503597122304,True,0,,HK162,on_time,fairly_good,False,none,,,0
1383700,K13,medium,low,with_family,5,3,5,4,4,2,0.6562,8,8,0,HK162,False,19,False,136.0,3.213235294117647,False,0,,,not_graduated,not_graduated,False,none,,,2
1383837,K13,low,low,rental,5,3,4,3,2,2,0.4062,8,8,0,HK162,True,16,True,139.0,1.8381294964028776,True,0,,HK162,on_time,below_average,False,none,,,0
1384155,K13,medium,high,rental,4,4,3,4,2,2,0.4688,8,7,1,HK162,True,13,True,112.0,1.7767857142857142,False,0,,,not_graduated,not_graduated,False,none,,,5
1384292,K13,high,low,rental,5,3,4,4,3,4,0.5625,8,6,2,HK162,False,14,False,102.0,2.4607843137254903,False,0,,,not_graduated,not_graduated,False,none,,,4
1384429,K13,low,high,with_family,3,4,4,3,3,2,0.5,8,6,2,HK162,False,10,False,102.0,2.411764705882353,False,0,,,not_graduated,not_graduated,False,none,,,4
1384566,K13,medium,medium,with_family,2,4,2,3,4,4,0.6562,8,8,0,HK162,True,18,True,139.0,3.341726618705036,True,0,,HK162,on_time,good,False,none,,,0
1384884,K13,medium,medium,with_family,3,5,4,3,4,3,0.6562,8,6,2,HK162,False,18,False,97.0,3.2216494845360826,False,0,,,not_graduated,not_graduated,False,none,,,8
1385021,K13,low,medium,dorm,5,1,2,5,3,4,0.5938,8,7,1,HK162,False,26,False,119.0,2.399159663865546,False,0,,,not_graduated,not_graduated,False,none,,,3
1385158,K13,high,medium,dorm,2,4,3,3,4,4,0.625,8,6,2,HK162,False,11,False,97.0,3.1597938144329896,False,0,,,not_graduated,not_graduated,False,none,,,8
1385295,K13,medium,high,rental,3,3,4,5,2,2,0.4062,2,2,0,HK132,False,17,False,29.0,1.4137931034482758,False,0,,,not_graduated,not_graduated,True,voluntary,background,HK132,25
1385613,K13,medium,low,rental,3,4,2,2,3,2,0.5312,8,6,2,HK162,True,11,False,102.0,2.4754901960784315,False,0,,,not_graduated,not_graduated,False,none,,,4
1385750,K13,medium,low,dorm,3,2,2,1,3,2,0.4375,8,6,2,HK162,True,3,False,102.0,2.264705882352941,False,0,,,not_graduated,not_graduated,False,none,,,4
1385887,K13,low,medium,with_family,3,5,2,4,4,5,0.75,8,7,1,HK162,False,23,False,114.0,3.442982456140351,False,0,,,not_graduated,not_graduated,False,none,,,7
1386024,K13,high,medium,with_family,3,4,1,4,4,4,0.75,8,8,0,HK162,True,16,True,139.0,3.287769784172662,True,0,,HK162,on_time,good,False,none,,,0
1386342,K13,medium,medium,rental,2,5,2,4,4,4,0.7188,8,8,0,HK162,True,19,True,139.0,3.338129496402878,True,0,,HK162,on_time,good,False,none,,,0
1386479,K13,high,high,with_family,3,4,3,5,3,2,0.5938,8,6,2,HK162,False,21,False,102.0,2.4411764705882355,False,0,,,not_graduated,not_graduated,False,none,,,4
1386616,K13,medium,high,with_family,3,4,3,3,1,1,0.2812,8,6,2,HK162,True,16,True,48.0,1.03125,False,2,HK141;HK152,,not_graduated,not_graduated,False,none,,,21
1387071,K13,medium,high,with_family,3,5,2,3,4,4,0.7188,8,8,0,HK162,True,20,True,134.0,3.458955223880597,False,0,,,not_graduated,not_graduated,False,none,,,4
1387208,K13,medium,medium,rental,4,3,3,1,4,5,0.5938,8,6,2,HK162,False,11,False,97.0,3.1649484536082473,False,0,,,not_graduated,not_graduated,False,none,,,8
1387345,K13,medium,low,with_family,4,3,3,2,4,4,0.625,8,8,0,HK162,True,13,True,139.0,3.226618705035971,False,0,,,not_graduated,not_graduated,False,none,,,0
1387663,K13,medium,low,rental,2,3,2,4,4,3,0.6562,8,7,1,HK162,False,13,False,114.0,3.1491228070175437,False,0,,,not_graduated,not_graduated,False,none,,,7
1387800,K13,low,low,rental,4,1,3,4,3,4,0.5,8,6,2,HK162,True,10,False,102.0,2.406862745098039,False,0,,,not_graduated,not_graduated,False,none,,,4
1387937,K13,medium,medium,with_family,1,3,3,2,4,3,0.5312,8,6,2,HK162,False,3,False,97.0,3.0412371134020617,False,0,,,not_graduated,not_graduated,False,none,,,8
1388074,K13,low,medium,with_family,3,4,4,4,3,4,0.5312,8,6,2,HK162,False,20,False,102.0,2.3823529411764706,False,0,,,not_graduated,not_graduated,False,none,,,4
1388392,K13,high,high,with_family,3,4,3,3,1,2,0.2812,6,5,1,HK152,False,15,False,48.0,1.0,False,1,HK142,,not_graduated,not_graduated,True,voluntary,background,HK152,20
1388529,K13,high,medium,dorm,4,3,3,2,3,3,0.5,8,8,0,HK162,True,17,True,139.0,2.4748201438848922,True,0,,HK162,on_time,average,False,none,,,0
1388666,K13,medium,medium,rental,3,4,4,4,4,3,0.6562,8,7,1,HK162,False,15,False,114.0,3.1666666666666665,False,0,,,not_graduated,not_graduated,False,none,,,7
1388803,K13,medium,medium,dorm,3,3,4,2,3,4,0.4375,8,6,2,HK162,True,6,False,102.0,2.2401960784313726,False,0,,,not_graduated,not_graduated,False,none,,,4
1389121,K13,medium,high,with_family,3,3,2,3,4,3,0.6562,8,7,1,HK162,False,15,False,119.0,3.222689075630252,False,0,,,not_graduated,not_graduated,False,none,,,3
1389258,K13,low,medium,rental,5,4,3,3,5,4,0.8438,8,8,0,HK162,True,16,True,146.0,4.0,False,0,,,not_graduated,not_graduated,False,none,,,4
1389395,K13,medium,high,with_family,4,5,3,5,2,2,0.5312,8,8,0,HK162,True,25,True,134.0,1.914179104477612,False,0,,,not_graduated,not_graduated,False,none,,,4
1389850,K13,medium,medium,dorm,3,3,2,2,2,2,0.375,8,6,2,HK162,False,16,False,102.0,1.6274509803921569,False,0,,,not_graduated,not_graduated,False,none,,,4
1389987,K13,medium,medium,with_family,5,3,3,5,5,5,0.875,8,8,0,HK162,True,17,True,149.0,3.9832214765100673,False,0,,,not_graduated,not_graduated,False,none,,,6
1390124,K13,high,high,dorm,4,5,3,3,4,4,0.7188,8,7,1,HK162,True,15,True,119.0,3.3865546218487395,False,0,,,not_graduated,not_graduated,False,none,,,3
1390579,K13,medium,low,rental,5,4,3,3,3,2,0.5938,8,6,2,HK162,False,21,False,102.0,2.6666666666666665,False,0,,,not_graduated,not_graduated,False,none,,,4
1390716,K13,medium,medium,with_family,4,3,5,5,2,2,0.4062,8,8,0,HK162,True,16,True,139.0,1.7697841726618706,True,0,,HK162,on_time,below_average,False,none,,,0
1390853,K13,high,high,dorm,4,4,4,2,4,3,0.625,8,6,2,HK162,True,12,True,97.0,3.1597938144329896,False,0,,,not_graduated,not_graduated,False,none,,,8
1391171,K13,medium,medium,with_family,3,4,2,2,4,4,0.6562,8,8,0,HK162,True,24,True,134.0,3.3656716417910446,False,0,,,not_graduated,not_graduated,False,none,,,4
1391308,K13,medium,medium,dorm,4,2,4,1,1,2,0.1562,3,2,1,HK141,False,7,False,10.0,1.0,False,1,HK141,,not_graduated,not_graduated,True,voluntary,background,HK141,32
1391445,K13,medium,medium,with_family,4,5,2,4,3,2,0.6562,8,8,0,HK162,True,17,True,136.0,2.5698529411764706,False,0,,,not_graduated,not_graduated,False,none,,,2
1391582,K13,high,medium,with_family,5,3,4,3,3,2,0.5312,8,6,2,HK162,False,19,False,102.0,2.4607843137254903,False,0,,,not_graduated,not_graduated,False,none,,,4
1391900,K13,low,medium,dorm,5,4,2,1,2,3,0.4375,8,6,2,HK162,False,16,False,102.0,1.9411764705882353,False,0,,,not_graduated,not_graduated,False,none,,,4
1392037,K13,high,medium,rental,2,1,3,2,4,4,0.5,8,6,2,HK162,True,7,False,102.0,2.985294117647059,False,0,,,not_graduated,not_graduated,False,none,,,4
1392174,K13,high,high,with_family,3,3,5,5,5,5,0.75,8,6,2,HK162,False,15,False,97.0,3.9278350515463916,False,0,,,not_graduated,not_graduated,False,none,,,8
1392311,K13,low,medium,with_family,3,3,3,3,3,2,0.5,8,7,1,HK162,False,12,False,114.0,2.3596491228070176,False,0,,,not_graduated,not_graduated,False,none,,,7
1392629,K13,medium,medium,dorm,3,5,3,3,3,2,0.5625,8,6,2,HK162,False,16,False,102.0,2.284313725490196,False,0,,,not_graduated,not_graduated,False,none,,,4
1392766,K13,high,low,with_family,4,2,1,2,3,4,0.5312,8,6,2,HK162,False,8,False,102.0,2.553921568627451,False,0,,,not_graduated,not_graduated,False,none,,,4
1392903,K13,medium,high,with_family,3,3,3,3,3,3,0.5,8,8,0,HK162,True,14,True,131.0,2.2557251908396947,False,0,,,not_graduated,not_graduated,False,none,,,6
1393358,K13,low,high,dorm,1,4,2,3,3,3,0.5,8,7,1,HK162,True,11,False,114.0,2.263157894736842,False,0,,,not_graduated,not_graduated,False,none,,,7
1393495,K13,high,medium,with_family,4,5,1,3,3,4,0.6562,8,6,2,HK162,True,14,True,102.0,2.803921568627451,False,0,,,not_graduated,not_graduated,False,none,,,4
1393632,K13,low,low,rental,5,3,2,2,3,3,0.5625,8,8,0,HK162,True,24,True,139.0,2.672661870503597,True,0,,HK162,on_time,fairly_good,False,none,,,0
1393950,K13,medium,medium,rental,1,5,3,2,2,2,0.3438,8,7,1,HK162,False,11,False,114.0,1.7236842105263157,False,0,,,not_graduated,not_graduated,False,none,,,7
1394087,K13,high,medium,with_family,4,2,1,3,3,4,0.5625,8,7,1,HK162,True,15,True,119.0,2.6050420168067228,False,0,,,not_graduated,not_graduated,False,none,,,3
1394224,K13,medium,low,dorm,1,4,4,2,3,4,0.4062,8,7,1,HK162,False,12,False,114.0,2.1271929824561404,False,0,,,not_graduated,not_graduated,False,none,,,7
1394361,K13,low,medium,dorm,5,2,3,4,4,5,0.6875,8,8,0,HK162,True,18,True,134.0,3.3358208955223883,False,0,,,not_graduated,not_graduated,False,none,,,4
1394679,K13,medium,medium,with_family,5,4,3,3,2,3,0.4688,8,8,0,HK162,True,17,True,136.0,1.9779411764705883,True,0,,HK162,on_time,below_average,False,none,,,0
1394816,K13,high,low,with_family,4,3,3,2,3,3,0.5,8,7,1,HK162,True,16,True,119.0,2.3907563025210083,False,0,,,not_graduated,not_graduated,False,none,,,3
1394953,K13,medium,low,rental,2,4,3,3,3,2,0.5,8,7,1,HK162,True,12,True,119.0,2.3403361344537816,False,0,,,not_graduated,not_graduated,False,none,,,3
1395090,K13,medium,low,dorm,3,3,2,4,2,1,0.4375,8,8,0,HK162,True,19,True,139.0,1.6762589928057554,True,0,,HK162,on_time,below_average,False,none,,,0
1395408,K13,medium,medium,rental,1,3,4,1,3,4,0.3438,8,6,2,HK162,False,3,False,102.0,2.053921568627451,False,0,,,not_graduated,not_graduated,False,none,,,4
1395545,K13,low,medium,dorm,2,4,1,2,1,1,0.2812,8,6,2,HK162,False,19,False,64.0,1.03125,False,0,,,not_graduated,not_graduated,False,none,,,14
1395682,K13,high,low,with_family,5,3,4,3,3,3,0.5312,8,6,2,HK162,True,8,False,102.0,2.4411764705882355,False,0,,,not_graduated,not_graduated,False,none,,,4
1395819,K13,low,medium,with_family,5,3,4,4,3,3,0.5625,8,8,0,HK162,True,15,True,139.0,2.4784172661870505,True,0,,HK162,on_time,average,False,none,,,0
1396137,K13,medium,medium,rental,5,4,3,2,4,5,0.6875,8,8,0,HK162,True,18,True,134.0,3.4291044776119404,False,0,,,not_graduated,not_graduated,False,none,,,4
1396274,K13,medium,medium,with_family,3,3,4,1,3,2,0.4062,8,7,1,HK162,True,8,False,119.0,2.357142857142857,False,0,,,not_graduated,not_graduated,False,none,,,3
1396411,K13,medium,low,with_family,1,5,2,4,4,3,0.6875,8,8,0,HK162,True,19,True,139.0,3.212230215827338,True,0,,HK162,on_time,good,False,none,,,0
1396866,K13,medium,low,rental,5,5,2,1,4,4,0.7188,8,8,0,HK162,True,18,True,134.0,3.6044776119402986,False,0,,,not_graduated,not_graduated,False,none,,,4
1397003,K13,medium,medium,dorm,2,2,2,3,3,4,0.4688,8,6,2,HK162,False,5,False,102.0,2.25,False,0,,,not_graduated,not_graduated,False,none,,,4
1397140,K13,medium,high,with_family,3,3,3,2,2,2,0.3438,8,6,2,HK162,False,9,False,102.0,1.5980392156862746,False,0,,,not_graduated,not_graduated,False,none,,,4
1397458,K13,low,low,rental,2,5,4,2,3,2,0.4688,8,8,0,HK162,True,19,True,139.0,2.2985611510791366,True,0,,HK162,on_time,average,False,none,,,0
1397595,K13,low,low,with_family,4,3,4,3,3,3,0.5,8,7,1,HK162,True,13,True,119.0,2.3529411764705883,False,0,,,not_graduated,not_graduated,False,none,,,3
1397732,K13,medium,medium,dorm,3,2,2,2,3,3,0.4688,8,6,2,HK162,False,11,False,102.0,2.485294117647059,False,0,,,not_graduated,not_graduated,False,none,,,4
1397869,K13,low,medium,dorm,5,4,4,4,5,4,0.8438,8,7,1,HK162,False,15,False,114.0,3.960526315789474,False,0,,,not_graduated,not_graduated,False,none,,,7
1398187,K13,high,medium,with_family,3,3,2,3,3,2,0.5312,8,8,0,HK162,True,18,True,134.0,2.5261194029850746,False,0,,,not_graduated,not_graduated,False,none,,,4
1398324,K13,medium,low,rental,3,4,3,3,3,4,0.5312,8,8,0,HK162,True,16,True,139.0,2.5179856115107913,True,0,,HK162,on_time,fairly_good,False,none,,,0
1398461,K13,medium,medium,with_family,4,5,4,3,4,5,0.6875,8,8,0,HK162,True,20,True,134.0,3.406716417910448,False,0,,,not_graduated,not_graduated,False,none,,,4
1398598,K13,medium,low,with_family,4,4,1,3,3,2,0.625,8,6,2,HK162,False,22,False,102.0,2.7205882352941178,False,0,,,not_graduated,not_graduated,False,none,,,4
1398916,K13,medium,medium,rental,5,4,5,5,4,4,0.7188,8,8,0,HK162,True,21,True,134.0,3.294776119402985,False,0,,,not_graduated,not_graduated,False,none,,,4
1399053,K13,low,medium,with_family,2,4,3,2,3,2,0.4688,8,6,2,HK162,False,10,False,97.0,2.3917525773195876,False,0,,,not_graduated,not_graduated,False,none,,,8
1399190,K13,low,medium,with_family,5,4,4,5,3,2,0.625,8,7,1,HK162,False,23,False,114.0,2.4298245614035086,False,0,,,not_graduated,not_graduated,False,none,,,7
1399645,K13,medium,low,rental,5,3,4,1,2,2,0.3438,8,7,1,HK162,False,11,False,119.0,1.7226890756302522,False,0,,,not_graduated,not_graduated,False,none,,,3
1399782,K13,medium,medium,dorm,2,4,3,3,4,4,0.625,8,7,1,HK162,True,10,False,114.0,3.1973684210526314,False,0,,,not_graduated,not_graduated,False,none,,,7
1399919,K13,high,medium,rental,4,5,5,3,4,3,0.6562,8,8,0,HK162,True,15,True,131.0,3.33587786259542,False,0,,,not_graduated,not_graduated,False,none,,,6
