metric,value,numerator,denominator
tracked_students,502.0,,
profile_family_income_medium_share,0.8645418326693227,434.0,502.0
profile_family_income_low_share,0.08366533864541832,42.0,502.0
profile_family_income_high_share,0.05179282868525897,26.0,502.0
profile_financial_pressure_medium_share,0.4860557768924303,244.0,502.0
profile_financial_pressure_low_share,0.4243027888446215,213.0,502.0
profile_financial_pressure_high_share,0.08964143426294821,45.0,502.0
profile_living_condition_dorm_share,0.8227091633466136,413.0,502.0
profile_living_condition_rental_share,0.13745019920318724,69.0,502.0
profile_living_condition_with_family_share,0.0398406374501992,20.0,502.0
profile_academic_level_4_share,0.5159362549800797,259.0,502.0
profile_academic_level_3_share,0.3047808764940239,153.0,502.0
profile_academic_level_2_share,0.12749003984063745,64.0,502.0
profile_academic_level_5_share,0.045816733067729085,23.0,502.0
profile_academic_level_1_share,0.00597609561752988,3.0,502.0
profile_profile_strength_mean,0.6174681274900399,502.0,502.0
profile_english_level_mean,3.448207171314741,502.0,502.0
profile_ctxh_days_cumulative_mean,22.326693227091635,502.0,502.0
profile_passed_credits_mean,113.06772908366534,502.0,502.0
profile_gpa_4_mean,2.869620517578321,502.0,502.0
english_eligibility_rate,0.5816733067729084,292.0,502.0
thesis_eligibility_rate,0.5717131474103586,287.0,502.0
graduation_ready_rate,0.5219123505976095,262.0,502.0
dropout_rate,0.01593625498007968,8.0,502.0
academic_suspension_rate,0.00199203187250996,1.0,502.0
academic_suspension_count_mean,0.00398406374501992,2.0,502.0
voluntary_dropout_rate,0.01593625498007968,8.0,502.0
forced_dropout_rate,0.0,0.0,502.0
dropout_reason_background_rate,0.01593625498007968,8.0,502.0
dropout_reason_academic_rate,0.0,0.0,502.0
dropout_reason_overdue_more_than_two_years_rate,0.0,0.0,502.0
graduation_early_rate,0.0,0.0,262.0
graduation_on_time_rate,1.0,262.0,262.0
graduation_late_rate,0.0,0.0,262.0
degree_average_rate,0.16793893129770993,44.0,262.0
degree_fairly_good_rate,0.2633587786259542,69.0,262.0
degree_good_rate,0.40458015267175573,106.0,262.0
degree_excellent_rate,0.07251908396946564,19.0,262.0
score_10_count,20681.0,,
score_10_mean,7.246801411923987,,
score_10_median,7.4,,
score_10_std,1.1145792007084012,,
score_4_count,20681.0,,
score_4_mean,2.863280305594507,,
score_4_median,3.0,,
score_4_std,0.7449759211012924,,
grade_F_rate,0.004787002562738746,99.0,20681.0
grade_D_rate,0.02011508147575069,416.0,20681.0
grade_D+_rate,0.03858614186934868,798.0,20681.0
grade_C_rate,0.15477974952855278,3201.0,20681.0
grade_C+_rate,0.15947004496881195,3298.0,20681.0
grade_B_rate,0.3287558628693003,6799.0,20681.0
grade_B+_rate,0.16648131134858082,3443.0,20681.0
grade_A_rate,0.11440452589333204,2366.0,20681.0
grade_A+_rate,0.012620279483583966,261.0,20681.0
